category,brand,condition_score,duration_days,original_price,listed_price,sold_price,is_sold
Books,Oxford,7.0,25,145.06,27.95,27.08,1
Books,Pearson,9.6,27,197.81,53.17,50.24,1
Fashion,Gucci,7.0,1,2667.96,1128.34,1129.08,1
Tech,Apple,7.4,35,4830.19,3231.69,2979.38,1
Fashion,Adidas,8.0,24,376.73,149.14,140.88,1
Tech,Dell,7.1,37,2295.49,1331.55,1241.85,1
Books,Penguin,7.8,21,41.52,6.75,6.47,1
Fashion,Adidas,5.2,5,475.04,135.07,136.85,1
Tech,Sony,8.2,47,1422.27,1045.07,945.44,1
Fashion,Chanel,8.7,6,13237.64,6928.53,7018.61,1
Fashion,Nike,5.2,34,387.5,135.08,128.28,1
Fashion,Chanel,5.9,32,12053.27,5749.2,5477.66,1
Fashion,Adidas,7.2,45,683.8,284.1,258.13,1
Books,Pearson,7.3,20,79.17,17.2,16.4,1
Books,Oxford,9.0,47,149.26,39.35,34.77,1
Books,Pearson,4.9,3,121.11,18.51,18.39,1
Books,Penguin,8.7,55,61.04,12.91,11.47,1
Books,Oxford,7.0,24,84.71,15.76,15.25,1
Fashion,Adidas,7.4,51,177.03,80.68,70.76,1
Tech,Dell,7.7,8,3353.99,1697.55,1688.48,1
Tech,Samsung,7.4,21,3838.19,2091.55,2011.92,1
Fashion,Gucci,7.3,51,7797.23,4609.77,4047.56,1
Tech,Samsung,6.0,41,1879.78,1045.85,941.35,1
Fashion,Gucci,7.5,51,4103.12,2460.91,2202.66,1
Tech,Dell,6.7,36,3983.49,2044.67,1867.61,1
Tech,Dell,7.8,24,2248.87,1226.29,1173.42,1
Books,Pearson,8.6,21,214.21,50.8,49.22,1
Books,Oxford,8.4,15,50.11,10.39,10.08,1
Books,Pearson,4.9,29,136.01,22.8,21.5,1
Fashion,Nike,3.5,10,746.99,168.16,165.06,1
Fashion,Gucci,7.7,34,8412.36,4622.02,4314.3,1
Books,Oxford,6.2,6,133.48,21.14,21.23,1
Books,Penguin,6.5,15,67.13,8.84,8.77,1
Fashion,Nike,9.1,23,360.02,174.23,165.88,1
Tech,Dell,6.6,27,3473.29,1707.88,1630.16,1
Books,Pearson,5.7,49,184.17,39.43,35.06,1
Books,Penguin,5.9,25,30.24,4.08,3.94,1
Fashion,Gucci,5.5,4,8390.95,3176.3,3215.92,1
Books,Oxford,8.2,12,47.3,9.28,9.32,1
Books,Oxford,9.9,51,87.18,25.12,22.4,1
Books,Pearson,8.7,47,213.48,60.83,54.6,1
Books,Penguin,8.5,22,56.17,9.49,9.07,1
Tech,Apple,9.0,62,3095.02,2717.75,2304.54,1
Tech,Sony,7.6,9,501.9,275.39,272.48,1
Fashion,Nike,4.3,32,530.22,158.66,149.14,1
Books,Penguin,6.9,19,25.39,3.86,3.75,1
Tech,Apple,9.4,25,2740.31,2004.09,1934.13,1
Tech,Asus,6.2,60,2398.6,1414.49,1203.06,1
Tech,Asus,7.9,64,4444.41,3141.33,2729.1,1
Tech,Apple,7.3,6,2606.59,1473.98,1490.84,1
Tech,Apple,6.8,41,4376.56,2771.86,2531.37,1
Books,Oxford,8.4,32,168.4,37.55,35.83,1
Fashion,Gucci,6.2,46,6879.36,3452.52,3163.0,1
Books,Pearson,7.6,38,115.09,27.67,25.54,1
Fashion,Adidas,5.3,42,789.27,263.44,240.4,1
Books,Penguin,7.9,39,47.66,8.46,7.66,1
Tech,Sony,4.6,9,1053.64,422.81,421.71,1
Tech,Sony,6.4,9,1259.61,617.63,619.37,1
Fashion,Adidas,5.2,47,550.79,190.99,171.2,1
Fashion,Nike,7.6,10,181.09,70.46,68.59,1
Books,Penguin,8.2,31,23.64,4.25,4.08,1
Tech,Apple,8.2,5,5604.02,3419.9,3445.25,1
Tech,Asus,6.5,55,2939.32,1789.7,1582.58,1
Books,Oxford,6.9,31,186.96,35.2,32.76,1
Books,Pearson,6.9,2,192.99,36.66,37.23,1
Fashion,Gucci,4.9,51,3954.46,1748.53,1578.64,1
Books,Oxford,6.0,23,186.31,32.25,31.47,1
Tech,Asus,4.6,34,4565.67,1995.2,1888.11,1
Tech,Samsung,6.9,9,978.24,469.83,474.33,1
Books,Pearson,8.7,11,213.43,47.06,46.68,1
Books,Oxford,5.9,28,188.11,32.25,30.97,1
Fashion,Chanel,4.7,50,3948.73,1851.31,1684.65,1
Books,Pearson,8.3,49,216.99,60.95,55.65,1
Books,Oxford,6.4,30,114.7,21.5,20.57,1
Tech,Sony,8.9,15,535.94,363.97,361.62,1
Fashion,Adidas,7.4,57,789.49,376.08,326.75,1
Tech,Apple,7.6,43,1519.93,1092.23,990.82,1
Tech,Sony,8.9,31,1393.08,1022.51,950.71,1
Books,Penguin,5.5,60,79.93,12.26,10.52,1
Tech,Apple,5.3,27,3531.64,1770.91,1700.81,1
Tech,Apple,7.7,46,3921.65,2781.58,2496.82,1
Fashion,Adidas,7.6,51,782.07,351.55,307.44,1
Books,Penguin,4.8,10,25.58,2.7,2.68,1
Books,Pearson,5.0,40,224.86,43.06,38.98,1
Books,Pearson,6.0,44,155.36,33.22,30.06,1
Tech,Samsung,7.6,35,3751.5,2305.91,2150.92,1
Tech,Dell,8.6,32,1715.72,1094.4,1012.51,1
Tech,Apple,7.1,33,2792.08,1763.86,1657.69,1
Tech,Sony,5.7,42,903.55,502.85,462.87,1
Tech,Apple,5.8,38,5452.86,3200.37,2932.05,1
Books,Penguin,7.6,45,33.66,5.94,5.4,1
Fashion,Adidas,7.4,50,446.46,193.86,174.97,1
Books,Penguin,8.4,67,20.17,4.29,3.64,1
Books,Penguin,7.5,53,58.36,10.88,9.5,1
Books,Penguin,7.4,46,61.39,11.07,10.11,1
Books,Pearson,5.8,19,245.7,46.4,44.23,1
Books,Pearson,8.6,22,96.3,22.68,21.51,1
Books,Oxford,7.6,49,101.65,23.81,21.41,1
Books,Pearson,4.2,56,126.6,23.43,20.24,1
Fashion,Nike,7.2,37,360.03,156.06,144.89,1
Fashion,Adidas,8.3,12,534.53,205.89,202.58,1
Books,Oxford,6.9,5,192.5,32.82,33.47,1
Tech,Asus,7.5,28,4606.08,2691.76,2544.7,1
Tech,Sony,8.6,27,618.97,413.64,393.22,1
Books,Penguin,8.3,57,78.06,15.98,13.97,1
Fashion,Chanel,7.6,57,14827.89,9209.45,8108.25,1
Tech,Samsung,7.4,30,4262.64,2566.03,2425.26,1
Fashion,Chanel,8.8,7,9034.81,4801.73,4752.74,1
Books,Pearson,6.4,29,160.11,31.51,29.81,1
Tech,Samsung,5.8,56,4550.94,2675.75,2308.72,1
Books,Oxford,6.5,39,198.39,40.66,37.35,1
Fashion,Nike,6.7,39,752.69,299.57,277.22,1
Tech,Samsung,9.4,29,3787.66,2502.65,2355.82,1
Books,Pearson,6.0,65,104.72,24.22,20.59,1
Tech,Sony,6.6,23,2230.03,1171.48,1111.19,1
Books,Pearson,6.7,1,75.74,13.91,13.67,1
Tech,Apple,7.7,64,1819.18,1432.04,1234.95,1
Tech,Apple,8.0,43,3649.38,2741.33,2477.63,1
Fashion,Nike,8.7,65,533.39,293.65,253.87,1
Books,Pearson,4.1,24,127.81,19.11,18.35,1
Books,Pearson,7.9,3,75.94,15.05,14.88,1
Books,Oxford,8.3,47,120.35,29.37,26.79,1
Books,Oxford,8.8,1,105.83,20.81,21.15,1
Fashion,Nike,7.9,52,739.49,368.76,323.31,1
Tech,Dell,5.0,52,3947.3,1905.31,1684.96,1
Tech,Samsung,6.5,13,3643.02,1706.48,1648.83,1
Fashion,Gucci,7.9,44,5206.09,3084.69,2793.16,1
Fashion,Adidas,8.5,56,382.79,198.88,175.96,1
Books,Pearson,8.1,21,223.43,49.0,46.35,1
Tech,Asus,8.5,43,3889.57,2562.61,2300.97,1
Fashion,Chanel,6.5,2,8387.38,3584.99,3642.32,1
Tech,Samsung,4.8,17,2724.0,1120.13,1110.53,1
Fashion,Gucci,5.0,62,3196.17,1526.45,1339.23,1
Books,Pearson,6.0,39,182.76,37.08,33.96,1
Fashion,Adidas,4.0,43,631.53,193.25,173.3,1
Tech,Asus,4.7,18,4473.77,1694.66,1649.93,1
Books,Penguin,7.9,26,67.41,11.86,11.45,1
Fashion,Adidas,4.2,27,523.43,144.58,135.95,1
Tech,Asus,7.0,11,3183.25,1613.15,1570.84,1
Tech,Asus,7.3,33,2052.57,1191.57,1128.37,1
Books,Oxford,8.7,34,95.04,22.27,20.78,1
Tech,Dell,4.7,46,1255.35,555.96,511.66,1
Fashion,Nike,7.0,28,653.78,259.52,249.99,1
Fashion,Nike,4.2,10,163.39,39.92,39.41,1
Tech,Asus,4.9,54,4063.04,2070.49,1792.91,1
Books,Penguin,7.2,16,44.67,6.79,6.6,1
Fashion,Gucci,7.1,17,4132.83,1886.54,1830.21,1
Books,Pearson,7.4,17,179.99,37.84,37.55,1
Books,Oxford,4.8,17,160.32,24.2,23.95,1
Fashion,Chanel,4.9,28,5334.99,2216.99,2131.32,1
Books,Pearson,6.2,40,60.04,12.88,11.82,1
Books,Oxford,4.9,12,76.05,11.03,10.68,1
Books,Penguin,7.5,1,65.6,9.14,9.16,1
Books,Penguin,9.4,4,74.55,12.61,12.71,1
Tech,Apple,3.1,37,3263.93,1365.75,1284.14,1
Fashion,Nike,8.4,12,754.25,301.79,294.66,1
Fashion,Chanel,6.3,13,10989.53,4872.95,4742.47,1
Books,Pearson,4.9,36,248.85,45.39,42.53,1
Fashion,Gucci,5.4,46,9607.46,4581.33,4073.28,1
Books,Pearson,9.4,19,147.67,35.98,34.24,1
Fashion,Nike,5.9,33,500.85,183.97,173.83,1
Books,Pearson,7.2,34,145.12,32.0,29.95,1
Fashion,Chanel,4.2,2,4348.39,1424.76,1401.95,1
Fashion,Nike,7.0,44,361.85,160.18,148.1,1
Books,Penguin,3.7,11,76.62,6.99,6.84,1
Tech,Apple,6.3,12,5137.44,2631.86,2599.54,1
Books,Oxford,5.8,34,176.0,32.32,30.26,1
Tech,Dell,3.7,54,3093.59,1222.84,1087.38,1
Books,Penguin,5.9,46,51.95,8.23,7.53,1
Fashion,Chanel,7.8,31,2958.45,1765.9,1657.51,1
Books,Pearson,4.5,24,72.48,12.08,11.5,1
Books,Oxford,5.8,41,114.47,21.9,19.84,1
Tech,Asus,8.0,7,3971.8,2084.88,2073.12,1
Books,Pearson,3.2,23,181.65,23.11,22.55,1
Books,Penguin,6.4,18,56.56,8.05,7.69,1
Tech,Asus,7.9,22,1382.37,760.13,740.45,1
Books,Penguin,9.2,59,72.45,15.88,13.81,1
Fashion,Gucci,7.2,2,4854.24,2159.02,2120.64,1
Fashion,Adidas,4.7,42,370.2,123.83,111.37,1
Books,Pearson,5.8,45,236.45,49.98,44.36,1
Fashion,Gucci,7.6,5,8756.4,4047.03,4026.2,1
Fashion,Adidas,4.4,47,329.3,107.75,98.41,1
Fashion,Adidas,7.3,28,281.77,113.87,107.49,1
Books,Pearson,5.9,56,123.41,27.93,24.04,1
Tech,Sony,7.4,42,1632.35,1099.19,1004.52,1
Books,Pearson,9.3,5,169.04,38.04,38.05,1
Tech,Asus,7.0,17,2265.1,1176.02,1128.64,1
Tech,Samsung,3.5,39,1560.23,611.84,563.08,1
Books,Penguin,6.0,18,64.05,8.42,8.08,1
Tech,Apple,7.1,48,3565.24,2452.95,2213.28,1
Books,Penguin,5.3,18,38.89,4.88,4.72,1
Tech,Asus,8.0,44,2321.14,1461.09,1324.37,1
Fashion,Adidas,5.7,25,357.43,116.61,110.9,1
Fashion,Gucci,6.4,60,2205.6,1226.14,1074.12,1
Tech,Asus,6.3,46,3103.63,1743.91,1602.19,1
Fashion,Gucci,7.7,18,7238.97,3460.3,3346.66,1
Tech,Samsung,6.2,21,1011.05,516.19,502.47,1
Tech,Sony,8.8,60,2486.17,1982.12,1730.35,1
Books,Pearson,7.8,23,58.62,13.08,12.34,1
Fashion,Gucci,8.3,64,4063.58,2690.21,2351.3,1
Tech,Asus,7.8,48,4582.12,3098.62,2811.6,1
Books,Pearson,7.9,1,142.63,28.87,29.12,1
Tech,Asus,5.7,44,3208.57,1689.93,1526.51,1
Tech,Samsung,5.7,23,962.14,446.0,430.53,1
Books,Pearson,7.5,37,243.31,60.08,55.86,1
Tech,Dell,4.4,34,2936.88,1239.96,1152.15,1
Tech,Apple,4.6,55,3702.5,2091.96,1813.65,1
Books,Oxford,8.3,60,65.94,17.03,15.01,1
Books,Oxford,7.7,27,72.73,15.73,15.22,1
Books,Pearson,5.8,20,164.64,28.93,27.82,1
Fashion,Chanel,4.1,34,10496.34,4242.5,3998.98,1
Fashion,Nike,5.8,54,171.66,72.18,63.8,1
Books,Oxford,7.9,16,177.56,36.11,35.91,1
Books,Pearson,8.0,12,104.82,23.07,22.58,1
Tech,Sony,8.5,25,1851.91,1200.71,1129.31,1
Fashion,Gucci,8.2,16,4170.32,2209.01,2161.43,1
Fashion,Nike,7.1,31,792.73,334.23,309.44,1
Fashion,Nike,3.4,54,152.43,46.53,40.43,1
Tech,Dell,8.4,53,4084.83,2867.79,2548.65,1
Fashion,Adidas,4.3,29,274.63,76.47,72.77,1
Fashion,Gucci,8.7,12,3161.28,1631.55,1622.08,1
Fashion,Gucci,5.9,59,9625.97,4881.53,4301.7,1
Fashion,Gucci,8.7,10,6771.3,3620.42,3536.26,1
Books,Pearson,7.3,38,107.01,26.01,24.1,1
Fashion,Adidas,7.9,43,207.58,93.13,84.3,1
Fashion,Nike,6.5,1,632.4,202.4,201.84,1
Fashion,Chanel,8.7,21,6393.87,3565.42,3498.16,1
Fashion,Gucci,4.7,59,7261.48,3346.82,2890.33,1
Fashion,Gucci,7.3,1,5402.32,2410.44,2390.0,1
Books,Pearson,8.6,58,114.6,32.8,28.17,1
Fashion,Nike,7.2,29,466.26,195.36,184.46,1
Tech,Dell,5.6,40,2258.47,1097.61,991.99,1
Books,Penguin,7.5,31,65.52,11.02,10.47,1
Tech,Apple,6.6,56,4143.35,2797.23,2501.16,1
Books,Oxford,6.8,50,79.25,17.71,15.79,1
Books,Penguin,4.1,52,33.25,4.41,3.91,1
Tech,Asus,7.8,42,1167.95,750.74,694.23,1
Fashion,Gucci,7.2,61,9518.05,5563.49,4868.27,1
Books,Penguin,7.1,16,58.16,8.54,8.41,1
Books,Oxford,7.9,37,77.43,17.3,15.97,1
Tech,Apple,4.9,15,3338.89,1556.71,1546.66,1
Tech,Apple,8.5,18,2096.29,1352.89,1290.91,1
Books,Penguin,9.6,18,67.24,12.42,12.05,1
Tech,Apple,7.9,57,4712.35,3723.96,3323.58,1
Fashion,Adidas,8.5,29,514.92,220.36,210.08,1
Tech,Apple,6.2,46,3212.61,2062.27,1833.08,1
Tech,Sony,6.8,57,1008.4,687.37,608.19,1
Books,Oxford,6.8,29,74.23,14.92,14.25,1
Fashion,Gucci,6.8,51,6259.49,3545.17,3145.08,1
Tech,Sony,7.2,42,2174.18,1385.98,1280.14,1
Fashion,Adidas,7.0,27,743.62,296.93,281.69,1
Tech,Samsung,4.8,6,2689.12,1056.98,1069.08,1
Books,Pearson,8.5,5,244.94,53.9,54.91,1
Fashion,Nike,6.9,50,336.22,151.37,137.12,1
Tech,Samsung,6.3,44,3682.34,2178.16,2000.87,1
Fashion,Nike,7.9,56,232.52,112.36,100.34,1
Tech,Dell,6.5,27,4160.94,2141.64,2075.04,1
Tech,Sony,8.2,49,1862.95,1347.28,1194.81,1
Books,Pearson,8.9,27,104.1,26.22,24.46,1
Fashion,Chanel,5.8,8,6013.44,2462.19,2452.39,1
Books,Pearson,7.9,54,112.42,29.55,25.64,1
Tech,Samsung,6.2,28,3751.91,2007.62,1919.2,1
Books,Oxford,7.5,56,193.14,46.24,39.84,1
Fashion,Adidas,6.2,52,483.93,202.45,179.48,1
Books,Oxford,6.0,18,165.57,28.91,27.64,1
Tech,Apple,8.6,8,4079.72,2602.87,2647.72,1
Books,Oxford,9.2,34,102.6,24.27,22.5,1
Fashion,Adidas,6.2,34,505.38,193.85,178.36,1
Books,Oxford,4.5,16,130.58,18.68,17.89,1
Tech,Samsung,4.4,46,911.93,433.85,391.47,1
Books,Oxford,4.1,16,189.48,24.91,24.82,1
Fashion,Gucci,4.0,24,1573.75,533.92,515.45,1
Tech,Samsung,9.0,33,1630.8,1134.94,1039.97,1
Tech,Sony,7.6,61,586.04,422.46,368.82,1
Books,Penguin,9.8,1,21.41,3.61,3.56,1
Tech,Samsung,7.5,29,2368.15,1333.79,1254.14,1
Tech,Sony,8.6,31,1396.64,1016.21,967.93,1
Fashion,Adidas,8.1,33,472.97,207.16,192.02,1
Books,Pearson,8.6,23,158.86,40.2,38.29,1
Tech,Asus,8.8,18,1779.91,1121.65,1080.48,1
Books,Oxford,6.1,51,57.3,12.03,10.82,1
Tech,Sony,7.4,31,1599.93,994.88,937.14,1
Tech,Sony,9.0,16,1348.21,916.5,888.85,1
Books,Penguin,6.8,31,24.34,3.78,3.57,1
Books,Oxford,7.4,61,162.86,39.62,34.48,1
Tech,Asus,8.0,63,4865.6,3466.73,2928.53,1
Books,Penguin,7.1,6,66.17,9.37,9.37,1
Books,Penguin,8.3,11,47.28,7.83,7.73,1
Tech,Dell,5.7,55,4365.72,2361.58,2116.77,1
Fashion,Nike,7.4,29,614.67,243.86,227.97,1
Books,Oxford,4.1,42,156.18,23.66,21.87,1
Fashion,Adidas,7.3,21,451.49,169.06,160.81,1
Tech,Sony,6.6,50,1691.18,1120.83,993.56,1
Tech,Asus,7.8,34,2609.55,1643.12,1524.66,1
Fashion,Gucci,3.6,40,6574.51,2383.51,2187.09,1
Tech,Sony,8.3,17,1645.49,1072.39,1045.14,1
Books,Penguin,8.3,58,37.59,7.76,6.84,1
Fashion,Chanel,7.0,34,2576.81,1402.56,1321.31,1
Tech,Samsung,5.7,4,2382.77,1034.38,1025.42,1
Books,Penguin,7.2,49,38.48,6.8,6.05,1
Fashion,Chanel,8.8,20,14698.98,8619.68,8386.75,1
Tech,Asus,8.8,52,4859.16,3439.21,3014.16,1
Fashion,Nike,5.2,32,682.6,229.41,213.82,1
Fashion,Chanel,8.0,52,14473.58,9811.46,8868.34,1
Books,Oxford,7.5,6,158.38,28.62,28.88,1
Tech,Dell,4.7,40,1785.63,803.49,733.48,1
Fashion,Chanel,6.6,16,3081.78,1458.86,1405.14,1
Tech,Sony,8.5,59,2139.54,1739.19,1498.34,1
Fashion,Chanel,8.2,45,4262.04,2764.0,2544.74,1
Fashion,Gucci,5.9,28,1879.74,840.51,801.09,1
Books,Penguin,7.9,15,35.03,5.42,5.24,1
Books,Oxford,6.9,1,160.3,26.35,26.82,1
Books,Oxford,6.8,2,125.88,21.21,21.56,1
Books,Pearson,5.6,25,80.92,14.33,13.71,1
Tech,Apple,5.8,18,5379.65,2706.49,2645.24,1
Books,Oxford,4.0,27,55.24,7.61,7.24,1
Books,Oxford,8.0,8,119.59,23.17,23.46,1
Books,Pearson,6.4,67,146.31,35.16,29.4,1
Fashion,Chanel,4.2,19,2788.45,1033.75,1002.03,1
Tech,Samsung,6.7,17,3336.19,1750.9,1678.94,1
Fashion,Chanel,5.6,1,3132.13,1197.08,1193.42,1
Books,Oxford,6.4,20,62.92,11.61,11.45,1
Tech,Dell,9.2,10,2479.63,1459.8,1434.87,1
Fashion,Nike,8.0,28,744.83,332.54,311.65,1
Books,Pearson,4.3,39,115.6,19.75,18.33,1
Tech,Asus,6.4,33,3194.54,1687.43,1555.29,1
Books,Pearson,8.3,56,142.13,40.16,34.8,1
Books,Oxford,6.7,42,197.52,39.29,36.34,1
Fashion,Adidas,8.8,1,171.05,66.05,66.03,1
Books,Oxford,5.5,61,181.55,36.25,31.19,1
Tech,Sony,6.0,39,520.23,308.47,285.54,1
Fashion,Gucci,3.8,48,2836.27,1071.4,954.02,1
Fashion,Gucci,7.6,14,1640.9,789.78,768.82,1
Fashion,Nike,6.8,19,389.31,145.59,138.81,1
Tech,Apple,6.9,54,2889.91,2022.71,1781.26,1
Books,Oxford,7.3,15,76.08,14.53,14.17,1
Tech,Apple,9.3,13,4553.94,3023.6,2920.03,1
Fashion,Nike,6.2,58,726.91,303.36,262.02,1
Tech,Asus,8.0,28,1712.88,984.09,919.56,1
Books,Pearson,6.5,46,104.25,24.31,22.16,1
Tech,Samsung,8.2,23,3352.07,1945.72,1866.28,1
Books,Penguin,9.2,24,64.03,12.25,11.85,1
Books,Penguin,6.7,39,53.67,8.41,7.62,1
Fashion,Nike,7.7,31,790.43,328.46,308.3,1
Books,Oxford,9.7,64,144.07,41.64,35.77,1
Fashion,Chanel,5.7,42,4933.05,2502.59,2275.92,1
Fashion,Chanel,4.5,25,1814.19,688.78,651.72,1
Fashion,Nike,5.6,30,410.35,148.75,140.35,1
Tech,Sony,4.7,34,751.95,365.17,340.43,1
Books,Penguin,7.9,17,67.41,11.22,11.02,1
Books,Oxford,7.3,1,61.2,10.81,10.78,1
Fashion,Gucci,8.3,23,6880.61,3562.82,3482.51,1
Tech,Apple,4.9,37,2295.88,1156.55,1075.11,1
Fashion,Gucci,8.9,62,2032.29,1435.07,1240.26,1
Tech,Asus,6.9,15,1339.17,688.71,674.6,1
Tech,Asus,7.5,17,2569.37,1411.06,1399.59,1
Tech,Apple,3.9,6,2673.67,1033.26,1037.35,1
Tech,Sony,7.5,38,1653.42,1066.56,997.71,1
Fashion,Gucci,8.0,8,6811.93,3197.93,3235.38,1
Fashion,Adidas,8.1,40,219.99,96.78,88.6,1
Tech,Sony,7.9,52,1042.82,781.39,685.58,1
Tech,Apple,7.8,18,4452.17,2912.38,2860.28,1
Tech,Samsung,8.4,16,1940.08,1119.7,1089.73,1
Books,Penguin,5.0,32,25.36,3.23,2.99,1
Fashion,Adidas,5.7,19,444.08,137.77,134.44,1
Books,Oxford,6.2,65,88.03,19.04,16.43,1
Tech,Sony,5.7,29,2375.43,1212.41,1145.7,1
Tech,Asus,7.0,11,4767.79,2369.93,2379.19,1
Tech,Dell,8.4,18,3130.22,1680.9,1647.84,1
Tech,Apple,6.2,22,2721.99,1539.06,1491.29,1
Books,Oxford,6.8,41,50.94,10.17,9.38,1
Tech,Sony,6.4,16,473.91,234.01,230.82,1
Tech,Samsung,6.4,48,1161.44,688.56,625.94,1
Tech,Dell,8.2,28,3641.23,2186.93,2069.15,1
Fashion,Nike,5.0,33,469.73,148.9,141.66,1
Books,Penguin,7.6,46,69.7,13.17,11.79,1
Tech,Apple,7.6,60,3408.96,2640.57,2316.64,1
Tech,Apple,6.9,54,2968.1,2173.73,1951.59,1
Books,Pearson,8.2,55,79.31,21.32,18.52,1
Fashion,Adidas,3.3,2,788.92,170.25,171.64,1
Fashion,Adidas,7.0,20,700.98,255.49,249.72,1
Tech,Dell,6.7,39,3033.03,1600.01,1448.77,1
Books,Pearson,6.7,15,142.81,26.29,25.72,1
Fashion,Gucci,6.4,51,6867.24,3705.83,3337.13,1
Books,Penguin,7.9,23,23.07,3.71,3.64,1
Tech,Samsung,8.9,24,4641.67,3078.76,3000.75,1
Books,Pearson,6.4,34,58.58,12.8,12.17,1
Books,Pearson,5.7,17,142.8,26.3,25.43,1
Books,Oxford,7.2,41,41.85,9.33,8.7,1
Tech,Asus,3.9,60,4277.91,1889.18,1639.5,1
Books,Penguin,7.5,2,68.27,9.59,9.55,1
Books,Pearson,5.8,26,217.16,40.37,38.99,1
Books,Pearson,8.5,31,211.34,51.38,48.97,1
Books,Pearson,6.4,27,188.43,39.3,36.97,1
Tech,Dell,6.5,19,2356.85,1148.8,1122.3,1
Books,Oxford,8.8,21,175.76,39.24,38.61,1
Books,Pearson,3.9,46,168.32,28.71,26.31,1
Books,Pearson,8.8,63,98.91,29.22,24.88,1
Fashion,Adidas,5.6,50,312.1,112.6,99.89,1
Books,Oxford,5.7,15,119.77,18.47,18.36,1
Tech,Samsung,8.8,1,1902.99,1061.07,1062.47,1
Tech,Asus,9.7,60,2499.32,2023.88,1735.91,1
Books,Pearson,8.7,35,191.5,48.73,45.35,1
Books,Oxford,7.1,28,122.74,23.75,22.35,1
Fashion,Chanel,5.0,41,11929.63,5343.85,4833.23,1
Fashion,Nike,8.9,20,361.37,167.67,159.01,1
Fashion,Nike,7.9,65,577.34,293.14,251.91,1
Fashion,Adidas,5.2,19,469.87,140.75,135.85,1
Books,Penguin,7.3,43,78.19,13.99,12.67,1
Books,Oxford,8.9,49,63.13,16.99,15.24,1
Fashion,Nike,6.6,62,343.21,152.32,133.71,1
Fashion,Gucci,6.2,58,3373.2,1841.25,1575.35,1
Books,Penguin,8.5,33,49.81,8.98,8.28,1
Tech,Sony,8.1,1,1164.56,651.77,664.14,1
Tech,Dell,8.2,17,3856.7,2071.61,2010.59,1
Books,Penguin,3.8,35,57.54,6.34,5.79,1
Tech,Dell,4.2,33,2806.02,1134.05,1041.46,1
Fashion,Adidas,9.3,25,536.37,237.83,225.72,1
Tech,Apple,7.5,1,1557.72,894.08,900.11,1
Fashion,Adidas,5.0,3,480.25,126.67,126.6,1
Tech,Dell,9.4,57,1787.1,1328.46,1159.05,1
Fashion,Adidas,7.3,9,756.15,263.14,265.14,1
Books,Penguin,8.6,36,24.0,4.47,4.19,1
Fashion,Chanel,6.9,52,3773.53,2284.2,2026.5,1
Books,Penguin,5.4,15,58.86,7.24,7.19,1
Fashion,Gucci,8.1,57,6318.02,4179.95,3650.23,1
Tech,Samsung,5.9,4,2427.88,1023.04,1042.66,1
Books,Pearson,9.4,20,136.18,33.57,32.29,1
Books,Pearson,6.7,31,211.47,43.35,41.06,1
Fashion,Gucci,7.5,48,7790.7,4492.04,4072.07,1
Books,Oxford,9.8,59,77.16,22.67,20.02,1
Books,Oxford,7.1,4,126.9,22.05,21.85,1
Tech,Sony,6.3,55,2365.53,1482.7,1329.2,1
Fashion,Gucci,8.0,25,4549.45,2333.82,2226.53,1
Books,Penguin,5.8,57,27.47,4.36,3.79,1
Fashion,Adidas,9.1,39,446.42,224.63,208.17,1
Books,Pearson,7.0,2,67.88,12.92,12.92,1
Tech,Apple,9.4,44,5750.13,4778.7,4401.87,1
Fashion,Chanel,8.6,32,9719.76,5795.04,5397.21,1
Tech,Dell,6.6,44,2277.12,1298.55,1195.38,1
Tech,Sony,8.9,16,494.94,334.77,323.14,1
Fashion,Nike,7.9,40,170.93,79.68,71.69,1
Fashion,Chanel,8.1,30,13964.0,8496.17,7889.08,1
Books,Oxford,6.2,43,137.74,26.24,23.88,1
Books,Pearson,9.2,22,116.99,28.42,27.02,1
Books,Pearson,7.2,12,94.04,19.61,19.73,1
Books,Penguin,7.2,35,46.37,7.93,7.23,1
Fashion,Nike,6.1,39,562.49,210.64,195.03,1
Fashion,Chanel,7.4,37,3351.23,1938.92,1778.48,1
Tech,Asus,6.6,58,1912.52,1150.47,984.72,1
Tech,Asus,4.5,11,1507.39,587.54,578.9,1
Fashion,Nike,9.1,17,170.45,76.73,74.02,1
Fashion,Chanel,8.0,57,5540.63,3660.78,3218.4,1
Tech,Samsung,4.0,1,4931.42,1681.44,1684.62,1
Books,Pearson,5.0,49,158.94,30.16,26.98,1
Books,Oxford,7.9,67,160.24,40.47,33.71,1
Fashion,Chanel,8.8,34,1759.82,1093.55,1026.78,1
Books,Oxford,5.3,4,63.56,9.34,9.32,1
Books,Pearson,9.1,50,161.71,46.35,41.01,1
Books,Pearson,7.4,5,149.19,28.36,28.33,1
Books,Pearson,5.5,27,205.84,38.35,36.27,1
Books,Oxford,5.7,11,169.03,25.55,25.59,1
Fashion,Gucci,6.5,35,1221.55,590.83,539.26,1
Fashion,Nike,4.5,56,570.63,200.86,174.24,1
Tech,Samsung,8.3,15,1853.37,1042.34,1027.64,1
Fashion,Gucci,7.4,2,6156.11,2774.73,2767.26,1
Tech,Dell,5.0,14,1242.8,492.86,492.95,1
Books,Oxford,7.5,1,161.33,28.59,28.5,1
Fashion,Chanel,6.7,45,3129.9,1760.5,1569.37,1
Tech,Apple,7.5,10,2150.02,1222.36,1206.54,1
Fashion,Adidas,6.1,16,496.65,159.64,157.7,1
Fashion,Nike,9.4,51,602.97,334.43,299.64,1
Books,Penguin,7.9,13,28.73,4.34,4.28,1
Books,Pearson,7.9,58,158.78,43.89,38.69,1
Fashion,Chanel,6.9,39,3993.96,2205.99,2021.62,1
Fashion,Gucci,5.3,10,4678.86,1661.27,1636.05,1
Books,Oxford,8.8,51,120.77,31.57,28.06,1
Books,Pearson,6.8,4,219.15,40.63,41.04,1
Fashion,Adidas,4.3,41,416.71,124.04,114.67,1
Tech,Asus,8.5,23,2762.13,1688.08,1597.48,1
Books,Oxford,7.6,7,136.04,24.32,24.25,1
Tech,Samsung,5.5,21,1665.28,795.56,754.28,1
Fashion,Adidas,8.8,44,275.6,135.01,120.53,1
Tech,Samsung,6.3,45,3512.13,2015.39,1832.13,1
Books,Oxford,9.0,48,49.09,12.48,11.11,1
Fashion,Adidas,7.5,34,688.13,281.07,266.25,1
Fashion,Gucci,5.2,32,5071.61,2047.58,1944.07,1
Books,Pearson,6.5,8,61.42,11.55,11.69,1
Fashion,Chanel,8.8,60,7511.13,5314.64,4683.89,1
Tech,Samsung,8.7,61,1558.46,1179.13,1029.84,1
Books,Pearson,5.7,57,115.8,24.94,21.67,1
Fashion,Nike,6.5,59,431.73,195.35,170.26,1
Fashion,Chanel,6.4,11,13069.6,5556.43,5517.33,1
Fashion,Gucci,8.9,23,6644.47,3640.89,3541.6,1
Books,Oxford,8.7,9,187.83,38.77,38.28,1
Fashion,Nike,4.1,16,205.61,52.02,51.23,1
Books,Pearson,6.1,47,65.32,14.66,13.1,1
Tech,Dell,6.4,54,4347.69,2512.23,2213.6,1
Tech,Asus,7.0,42,1653.01,989.69,919.57,1
Fashion,Chanel,4.3,54,6423.37,2939.64,2570.39,1
Books,Pearson,7.3,30,90.54,20.01,19.14,1
Fashion,Nike,6.9,36,508.28,208.72,189.92,1
Fashion,Chanel,6.7,64,4439.36,2674.61,2299.19,1
Tech,Samsung,7.9,17,2393.59,1384.62,1354.71,1
Tech,Samsung,7.6,41,4526.72,2760.03,2523.04,1
Tech,Sony,8.6,50,1687.23,1354.42,1214.57,1
Tech,Dell,6.7,52,4449.46,2661.52,2328.1,1
Tech,Apple,6.6,18,5230.77,2962.17,2866.04,1
Books,Penguin,5.4,23,22.93,3.04,2.88,1
Fashion,Adidas,5.1,14,794.48,222.44,217.11,1
Books,Penguin,6.0,29,78.8,10.89,10.36,1
Tech,Asus,8.3,52,3542.61,2561.23,2274.73,1
Fashion,Chanel,7.8,66,4083.27,2746.02,2350.95,1
Books,Penguin,6.3,13,52.94,7.12,6.99,1
Books,Pearson,7.8,33,70.34,17.54,16.44,1
Fashion,Adidas,5.9,28,609.46,218.14,208.16,1
Books,Penguin,5.0,60,48.34,7.08,6.12,1
Tech,Samsung,6.3,8,3404.63,1573.23,1583.01,1
Tech,Asus,7.1,44,3336.04,1927.43,1753.79,1
Fashion,Adidas,6.0,46,350.61,137.78,123.3,1
Books,Oxford,8.9,17,165.24,34.53,33.49,1
Tech,Dell,3.6,29,4010.08,1405.84,1317.29,1
Books,Pearson,8.2,63,210.35,59.74,50.62,1
Fashion,Adidas,7.4,54,332.53,155.11,135.81,1
Tech,Samsung,4.5,40,3665.38,1710.41,1600.5,1
Tech,Dell,7.0,32,2691.26,1418.83,1355.41,1
Tech,Apple,7.7,27,3830.69,2488.67,2338.7,1
Fashion,Adidas,8.5,9,331.61,123.87,124.59,1
Tech,Samsung,7.2,43,4240.38,2727.6,2454.48,1
Books,Oxford,8.3,18,149.72,30.88,30.2,1
Fashion,Adidas,8.0,4,482.04,181.75,181.08,1
Books,Pearson,7.7,29,132.32,31.27,29.89,1
Fashion,Chanel,8.0,35,6052.4,3474.47,3193.68,1
Books,Oxford,8.0,53,116.01,28.51,25.58,1
Tech,Apple,5.0,54,3763.04,2221.49,1945.04,1
Fashion,Adidas,6.7,10,330.01,105.46,106.43,1
Books,Pearson,6.3,15,54.92,10.16,10.03,1
Fashion,Nike,7.9,32,509.71,234.78,224.26,1
Books,Pearson,4.9,26,231.44,37.56,36.08,1
Tech,Dell,8.8,42,2841.64,1831.65,1673.01,1
Books,Penguin,4.6,54,40.05,5.35,4.72,1
Tech,Asus,8.4,33,2335.28,1452.17,1349.46,1
Tech,Samsung,4.6,7,1605.99,601.04,612.91,1
Tech,Apple,4.0,6,3867.08,1576.88,1552.21,1
Fashion,Gucci,7.7,24,8026.58,3965.29,3855.81,1
Fashion,Nike,4.3,43,181.06,56.98,52.16,1
Books,Pearson,4.2,33,60.29,10.06,9.57,1
Tech,Dell,6.2,40,3428.43,1796.74,1675.73,1
Books,Oxford,8.3,7,50.67,9.88,9.88,1
Fashion,Gucci,8.5,31,2663.21,1548.89,1477.28,1
Tech,Dell,4.0,60,3362.81,1427.3,1221.45,1
Tech,Dell,8.5,48,1382.97,906.16,816.34,1
Tech,Dell,8.9,49,1547.09,1065.4,961.04,1
Tech,Sony,8.5,56,539.27,435.87,384.61,1
Books,Oxford,7.1,40,177.82,36.8,33.75,1
Fashion,Gucci,6.6,37,4816.05,2513.05,2280.22,1
Tech,Asus,8.5,20,3646.49,2229.12,2114.75,1
Tech,Asus,4.5,32,3619.99,1456.19,1342.47,1
Fashion,Adidas,9.1,15,473.95,205.55,205.23,1
Books,Penguin,9.6,15,27.35,5.04,4.87,1
Tech,Samsung,4.5,26,2889.1,1197.88,1149.24,1
Fashion,Adidas,7.8,10,344.12,128.43,129.24,1
Tech,Asus,8.7,44,4064.65,2815.26,2507.08,1
Fashion,Nike,8.7,19,633.7,275.19,272.23,1
Tech,Samsung,9.0,40,4572.19,3250.15,2997.18,1
Tech,Samsung,7.9,30,4548.43,2842.09,2677.53,1
Books,Oxford,6.8,56,75.87,16.7,14.61,1
Books,Pearson,6.4,56,120.91,28.99,25.6,1
Books,Pearson,7.7,37,94.71,22.74,21.01,1
Tech,Dell,7.3,12,4391.51,2128.16,2085.62,1
Books,Oxford,6.6,1,170.3,27.59,27.72,1
Fashion,Adidas,8.7,25,212.7,94.74,90.5,1
Fashion,Chanel,3.5,58,4361.17,1794.92,1571.27,1
Tech,Sony,6.0,48,2409.32,1409.52,1279.24,1
Fashion,Nike,5.8,31,682.68,241.8,227.77,1
Books,Penguin,8.4,52,26.02,5.38,4.8,1
Books,Oxford,4.1,57,117.95,19.8,17.21,1
Fashion,Adidas,5.5,35,742.82,247.11,227.56,1
Tech,Apple,7.6,20,4925.26,3171.94,3112.58,1
Books,Pearson,7.1,39,126.46,30.05,27.42,1
Tech,Samsung,6.3,54,1817.33,1098.89,988.16,1
Fashion,Chanel,7.7,29,9865.79,5419.28,5086.63,1
Books,Pearson,4.9,26,121.95,20.93,19.72,1
Fashion,Nike,4.1,46,446.49,134.87,121.89,1
Books,Oxford,9.1,16,40.76,8.57,8.53,1
Tech,Samsung,9.3,63,4089.5,3241.34,2740.56,1
Tech,Dell,7.6,25,2316.44,1239.79,1196.75,1
Books,Oxford,5.3,4,152.95,21.35,20.98,1
Fashion,Adidas,7.2,24,256.52,98.6,93.81,1
Tech,Asus,5.0,47,2849.88,1338.1,1224.57,1
Books,Pearson,8.8,33,196.83,49.41,45.9,1
Tech,Samsung,7.3,36,827.85,480.37,453.32,1
Books,Penguin,6.8,48,59.7,10.36,9.27,1
Tech,Dell,7.4,36,2975.85,1660.78,1534.93,1
Tech,Sony,5.8,22,1104.68,573.34,546.73,1
Books,Oxford,7.6,40,97.84,22.4,20.19,1
Fashion,Nike,3.8,55,284.16,93.05,82.74,1
Tech,Apple,8.0,11,4182.99,2451.66,2402.85,1
Books,Oxford,4.3,52,105.14,16.77,14.96,1
Tech,Dell,6.1,16,1292.84,580.06,565.24,1
Tech,Sony,6.4,1,1214.39,577.25,583.16,1
Tech,Asus,8.6,36,1745.59,1144.39,1074.67,1
Books,Oxford,7.0,18,161.35,28.33,27.77,1
Books,Oxford,6.2,21,86.4,15.44,14.77,1
Tech,Apple,6.6,16,3417.13,1826.17,1773.74,1
Tech,Samsung,7.3,10,1745.54,876.82,877.34,1
Fashion,Gucci,5.7,48,7169.13,3392.67,3073.95,1
Books,Oxford,5.0,55,43.76,7.72,6.7,1
Fashion,Gucci,7.6,6,1345.55,610.83,622.28,1
Books,Penguin,6.8,55,59.21,10.61,9.43,1
Fashion,Chanel,7.3,15,14382.66,6965.5,6787.69,1
Books,Oxford,7.3,19,81.68,15.18,14.89,1
Tech,Apple,4.9,18,2402.31,1128.69,1079.39,1
Books,Pearson,3.5,34,186.27,26.84,24.75,1
Fashion,Adidas,7.3,54,351.59,166.22,144.58,1
Tech,Asus,5.1,64,2715.44,1445.55,1215.07,1
Tech,Dell,5.8,59,2619.11,1417.03,1246.8,1
Fashion,Adidas,5.3,27,586.44,187.91,175.48,1
Fashion,Gucci,7.2,56,6664.1,3790.58,3365.88,1
Tech,Apple,8.4,46,5313.53,4030.49,3668.89,1
Tech,Asus,6.1,38,1092.24,556.2,505.57,1
Fashion,Adidas,6.0,9,163.1,50.55,51.26,1
Tech,Apple,8.1,10,3318.93,2096.94,2100.0,1
Tech,Apple,5.5,49,2503.89,1547.5,1386.71,1
Books,Pearson,6.4,5,192.78,34.14,34.74,1
Books,Penguin,4.8,19,73.75,8.98,8.7,1
Tech,Asus,8.3,16,4346.62,2594.42,2514.12,1
Fashion,Nike,4.1,62,493.45,168.55,146.65,1
Fashion,Chanel,7.4,53,8629.81,5328.6,4757.74,1
Fashion,Nike,7.2,38,428.17,190.14,172.76,1
Fashion,Chanel,6.4,25,9709.25,4848.94,4558.3,1
Tech,Asus,5.2,30,3446.35,1570.57,1509.01,1
Tech,Samsung,7.6,31,2975.58,1734.89,1648.14,1
Fashion,Adidas,7.8,60,435.09,213.13,187.4,1
Books,Oxford,7.7,32,98.86,21.68,20.32,1
Tech,Asus,6.3,61,1278.08,761.6,649.28,1
Books,Oxford,8.9,50,82.77,21.46,19.01,1
Tech,Apple,7.7,30,4195.81,2874.5,2677.63,1
Books,Oxford,7.3,4,168.8,29.81,29.63,1
Fashion,Adidas,7.0,55,776.48,342.41,297.65,1
Books,Pearson,7.7,12,165.37,35.26,34.34,1
Fashion,Gucci,9.6,17,5750.84,3335.92,3242.04,1
Books,Pearson,5.7,22,169.34,30.85,29.38,1
Books,Oxford,7.6,1,182.04,32.33,32.6,1
Tech,Samsung,3.1,45,2632.32,991.83,895.25,1
Fashion,Chanel,5.5,27,1952.95,887.59,836.36,1
Books,Oxford,6.1,22,166.86,28.23,27.41,1
Books,Pearson,4.5,64,231.99,45.1,38.55,1
Books,Oxford,7.7,42,170.66,37.92,34.64,1
Fashion,Nike,7.7,22,197.61,83.25,81.3,1
Fashion,Adidas,7.5,52,681.39,322.55,280.62,1
Books,Penguin,7.3,17,41.16,6.37,6.29,1
Fashion,Gucci,8.0,63,3844.26,2493.29,2101.72,1
Tech,Samsung,4.1,26,2505.57,1008.9,972.79,1
Books,Oxford,5.5,26,186.4,32.19,30.91,1
Books,Pearson,7.5,47,229.83,56.54,50.33,1
Tech,Samsung,8.3,55,4147.96,3069.51,2698.78,1
Books,Pearson,7.6,19,118.45,26.54,25.87,1
Books,Pearson,7.8,61,171.24,46.6,39.59,1
Books,Pearson,7.8,37,131.74,31.62,28.87,1
Tech,Asus,8.4,26,4774.34,2953.25,2836.68,1
Fashion,Chanel,8.5,38,2589.26,1690.16,1577.95,1
Books,Penguin,6.8,24,57.25,8.27,8.0,1
Books,Oxford,4.0,58,165.18,27.09,23.91,1
Fashion,Gucci,8.0,32,2667.66,1454.05,1337.21,1
Tech,Apple,5.9,32,4276.36,2560.06,2407.79,1
Tech,Sony,8.9,51,888.57,710.44,623.62,1
Fashion,Chanel,7.9,2,14336.64,7084.97,7123.29,1
Books,Pearson,8.4,18,220.26,50.25,48.39,1
Books,Oxford,6.9,24,69.44,13.23,12.62,1
Fashion,Chanel,8.3,39,10653.13,6593.54,5967.74,1
Books,Penguin,8.9,39,55.83,10.96,10.09,1
Books,Pearson,6.8,39,122.51,27.4,25.18,1
Fashion,Adidas,8.3,5,280.22,107.6,106.85,1
Books,Penguin,9.2,36,23.22,4.65,4.32,1
Tech,Apple,8.4,15,3914.84,2620.81,2573.46,1
Fashion,Adidas,7.2,33,351.85,144.07,134.76,1
Books,Pearson,7.0,32,52.6,11.45,10.87,1
Books,Oxford,8.2,35,100.46,23.51,21.98,1
Tech,Samsung,6.2,21,4212.56,2121.7,2074.24,1
Books,Pearson,8.1,23,89.9,21.79,21.11,1
Tech,Samsung,8.3,16,2601.72,1450.73,1397.13,1
Fashion,Nike,4.4,34,612.48,195.51,183.88,1
Books,Pearson,7.0,39,231.05,51.95,48.69,1
Fashion,Nike,8.0,24,252.48,109.32,104.56,1
Books,Oxford,4.7,21,110.56,15.79,15.25,1
Fashion,Nike,7.2,34,511.06,210.35,197.76,1
Fashion,Adidas,6.4,51,326.67,136.19,120.33,1
Fashion,Chanel,7.8,9,9705.91,4822.82,4875.97,1
Books,Penguin,4.8,56,28.15,4.1,3.59,1
Tech,Asus,7.1,19,4950.99,2529.77,2424.63,1
Tech,Asus,9.3,45,2128.08,1594.74,1436.3,1
Books,Oxford,8.1,13,136.69,27.2,26.7,1
Books,Oxford,8.4,53,182.1,44.99,39.54,1
Books,Pearson,7.6,48,146.28,38.3,33.78,1
Books,Pearson,9.5,12,154.33,35.56,35.34,1
Tech,Sony,5.7,33,2415.29,1331.45,1253.36,1
Tech,Sony,5.7,56,2070.8,1249.19,1113.52,1
Tech,Dell,7.4,5,2932.21,1416.86,1418.13,1
Tech,Sony,5.5,12,981.93,443.76,440.79,1
Fashion,Gucci,7.0,21,7284.71,3583.82,3526.9,1
Fashion,Adidas,4.0,56,572.0,183.15,161.8,1
Tech,Dell,4.5,23,2689.86,1065.08,1003.77,1
Tech,Samsung,7.5,45,3548.41,2307.09,2052.56,1
Fashion,Nike,7.6,8,451.17,175.52,177.76,1
Books,Pearson,8.9,46,180.11,49.44,44.99,1
Fashion,Gucci,7.7,25,9801.89,4962.6,4827.36,1
Books,Oxford,6.1,62,178.18,38.26,33.29,1
Fashion,Adidas,5.4,44,488.59,167.55,153.47,1
Books,Pearson,6.0,44,210.15,46.29,41.95,1
Tech,Sony,8.4,46,808.74,602.03,552.28,1
Fashion,Gucci,8.5,54,9714.5,6354.71,5626.13,1
Tech,Samsung,8.9,25,4055.26,2732.43,2642.74,1
Fashion,Adidas,6.6,58,296.19,128.0,112.64,1
Tech,Dell,7.7,1,3381.82,1662.11,1671.68,1
Books,Pearson,9.0,4,175.96,39.44,39.28,1
Fashion,Chanel,4.8,20,10661.31,4268.58,4058.16,1
Tech,Samsung,5.5,10,3458.53,1425.18,1399.76,1
Fashion,Gucci,8.6,17,9306.21,4840.9,4758.42,1
Fashion,Chanel,4.8,53,13407.86,6428.13,5606.17,1
Fashion,Gucci,8.3,53,7520.55,4664.6,4201.72,1
Tech,Apple,6.5,20,4856.52,2707.32,2637.29,1
Tech,Samsung,8.3,52,2074.01,1446.55,1276.65,1
Books,Pearson,5.4,53,188.48,38.81,34.77,1
Tech,Samsung,7.8,22,3508.22,2004.54,1951.29,1
Fashion,Gucci,6.2,1,4187.45,1651.49,1622.4,1
Books,Penguin,5.2,8,57.79,6.42,6.4,1
Books,Penguin,5.1,30,70.89,9.06,8.62,1
Fashion,Gucci,4.6,44,7056.98,2838.97,2603.64,1
Tech,Dell,7.4,57,2739.61,1711.18,1473.08,1
Tech,Apple,5.2,23,2706.19,1359.24,1304.12,1
Fashion,Adidas,4.8,52,188.59,63.94,57.75,1
Tech,Samsung,7.6,54,2699.9,1840.98,1619.94,1
Books,Pearson,9.4,55,222.31,66.79,58.31,1
Books,Penguin,6.0,48,49.73,7.72,6.8,1
Tech,Apple,4.2,44,4694.74,2396.2,2161.6,1
Tech,Samsung,5.8,16,3345.87,1591.26,1542.21,1
Tech,Asus,6.2,35,3143.91,1678.43,1538.7,1
Fashion,Gucci,7.6,61,6627.32,4141.02,3603.22,1
Tech,Apple,6.6,27,4894.59,2825.52,2670.75,1
Tech,Sony,6.4,48,1215.56,763.86,684.38,1
Fashion,Gucci,8.1,60,6179.72,3978.84,3490.38,1
Books,Pearson,6.6,17,67.97,13.64,13.08,1
Fashion,Gucci,4.2,28,6482.26,2279.75,2121.02,1
Fashion,Gucci,7.7,3,7273.77,3284.14,3244.37,1
Tech,Sony,8.4,44,1704.17,1206.64,1112.51,1
Books,Pearson,7.4,19,127.53,27.22,26.48,1
Tech,Sony,5.4,34,951.52,498.4,455.94,1
Fashion,Chanel,7.0,37,7008.39,3693.4,3390.64,1
Tech,Asus,8.6,23,3285.99,1942.79,1837.5,1
Tech,Asus,5.5,23,1345.75,603.75,578.73,1
Books,Penguin,6.1,33,58.46,8.83,8.39,1
Tech,Sony,7.2,47,993.51,677.5,608.33,1
Tech,Samsung,6.7,39,2722.3,1617.2,1472.28,1
Books,Pearson,5.8,25,165.33,29.62,28.5,1
Tech,Sony,6.3,12,1598.03,834.37,826.43,1
Fashion,Nike,3.8,8,253.06,60.02,59.03,1
Fashion,Chanel,7.5,46,3826.84,2379.65,2175.19,1
Books,Penguin,8.6,35,69.77,13.68,12.89,1
Fashion,Nike,7.4,45,699.13,308.33,279.91,1
Books,Pearson,7.1,1,249.94,47.08,47.25,1
Fashion,Chanel,8.0,24,7454.43,4354.81,4142.44,1
Tech,Sony,7.0,46,1559.76,990.58,900.79,1
Fashion,Nike,9.0,30,262.1,125.5,118.77,1
Books,Penguin,7.3,36,26.73,4.35,4.04,1
Tech,Apple,6.2,52,2767.03,1796.39,1589.9,1
Tech,Asus,7.0,39,2738.01,1570.69,1462.15,1
Books,Pearson,7.9,42,183.28,45.99,42.5,1
Tech,Apple,6.4,51,4396.45,2916.78,2588.05,1
Fashion,Adidas,7.5,32,259.37,109.13,101.13,1
Fashion,Nike,9.3,20,660.22,308.53,293.93,1
Fashion,Nike,6.5,33,333.35,133.95,124.73,1
Fashion,Chanel,8.9,53,8535.1,5973.66,5368.91,1
Books,Penguin,6.0,21,72.72,9.55,9.1,1
Tech,Sony,7.1,42,1818.23,1146.81,1035.96,1
Tech,Apple,7.6,20,2847.77,1808.32,1721.7,1
Fashion,Adidas,8.1,21,659.54,277.75,266.6,1
Fashion,Chanel,9.1,44,4136.74,2865.09,2625.65,1
Tech,Asus,7.3,1,3652.02,1780.77,1783.92,1
Fashion,Chanel,4.1,45,10060.82,4176.57,3822.57,1
Fashion,Nike,7.3,18,466.65,177.44,175.28,1
Tech,Asus,9.3,41,1587.68,1130.46,1050.17,1
Tech,Sony,6.4,63,1331.92,874.76,738.77,1
Fashion,Chanel,9.1,32,12608.51,7726.35,7219.59,1
Fashion,Adidas,4.6,18,640.35,177.1,173.3,1
Tech,Sony,7.3,34,1322.99,805.95,760.36,1
Fashion,Chanel,8.1,54,8875.01,5742.64,5037.51,1
Books,Oxford,5.6,52,173.13,32.31,29.24,1
Tech,Dell,8.3,4,2890.64,1537.41,1533.13,1
Fashion,Adidas,6.7,15,444.48,147.27,144.42,1
Tech,Sony,9.2,16,544.56,365.14,360.9,1
Books,Penguin,8.7,35,43.05,8.26,7.59,1
Tech,Apple,9.4,30,5162.63,4027.58,3819.94,1
Fashion,Adidas,8.0,27,319.98,133.66,127.68,1
Fashion,Nike,5.5,36,161.39,54.98,51.82,1
Tech,Dell,7.4,33,4413.27,2427.64,2238.38,1
Fashion,Nike,5.0,41,295.15,104.06,95.75,1
Tech,Asus,8.6,18,3490.43,1967.66,1917.05,1
Tech,Samsung,6.9,22,3000.85,1578.19,1541.67,1
Fashion,Adidas,7.8,35,782.25,324.2,301.28,1
Books,Penguin,4.3,25,42.44,4.72,4.59,1
Books,Penguin,7.9,39,22.11,4.04,3.67,1
Fashion,Adidas,8.0,52,657.8,330.17,290.55,1
Tech,Apple,7.2,47,2334.18,1630.16,1460.96,1
Fashion,Nike,8.9,59,218.58,116.83,99.99,1
Tech,Samsung,7.1,40,991.75,575.01,517.37,1
Books,Pearson,6.5,15,199.43,37.91,37.08,1
Tech,Apple,8.1,48,5895.59,4601.8,4090.86,1
Tech,Samsung,8.3,62,3636.6,2694.92,2360.38,1
Fashion,Gucci,5.9,32,3878.31,1775.3,1675.39,1
Tech,Apple,8.0,10,3082.85,1946.91,1922.07,1
Books,Oxford,6.8,30,180.92,35.22,33.63,1
Fashion,Nike,8.2,36,680.94,327.76,306.44,1
Tech,Apple,8.4,14,2509.2,1604.5,1605.93,1
Fashion,Nike,6.0,21,544.03,191.17,183.48,1
Fashion,Nike,5.9,8,609.73,185.76,187.81,1
Fashion,Adidas,7.6,48,595.56,281.11,250.13,1
Books,Pearson,5.8,16,124.14,20.87,20.57,1
Books,Oxford,7.0,3,176.6,30.97,30.78,1
Books,Oxford,9.1,56,184.4,51.95,46.29,1
Fashion,Adidas,3.7,33,564.6,154.05,146.33,1
Books,Oxford,6.7,38,59.58,12.05,11.28,1
Tech,Asus,3.5,60,2115.06,907.99,792.23,1
Books,Pearson,8.7,45,162.34,45.22,40.49,1
Books,Oxford,7.9,35,155.27,35.52,33.46,1
Fashion,Chanel,5.4,3,5746.88,2248.89,2267.31,1
Books,Pearson,8.9,21,156.22,38.53,37.7,1
Fashion,Gucci,8.4,24,9700.64,5125.03,4912.28,1
Books,Pearson,6.5,53,110.47,25.01,21.8,1
Books,Penguin,9.2,54,45.43,9.94,8.68,1
Books,Oxford,9.1,25,64.98,15.74,14.83,1
Fashion,Chanel,4.2,10,7469.45,2659.17,2615.38,1
Tech,Dell,8.2,62,2219.44,1519.39,1335.63,1
Fashion,Chanel,8.1,38,5961.95,3590.79,3337.11,1
Fashion,Chanel,7.5,19,5785.42,2961.45,2856.01,1
Fashion,Adidas,8.4,25,678.4,287.98,278.26,1
Fashion,Gucci,6.2,48,6734.12,3416.89,3126.78,1
Tech,Sony,7.1,39,585.29,374.33,338.47,1
Tech,Apple,4.1,10,5196.89,2175.88,2143.62,1
Tech,Sony,3.2,49,798.6,348.35,306.14,1
Fashion,Nike,4.3,1,398.39,99.72,99.14,1
Books,Penguin,9.7,29,28.44,5.81,5.5,1
Books,Pearson,7.4,25,154.38,32.32,31.06,1
Tech,Asus,5.7,3,4603.61,1955.95,1980.53,1
Books,Oxford,8.1,46,131.69,30.86,27.53,1
Fashion,Gucci,8.2,37,5513.67,3110.48,2827.58,1
Fashion,Gucci,8.6,38,9893.57,6103.33,5637.19,1
Tech,Samsung,8.5,27,1140.79,748.49,717.27,1
Tech,Dell,8.1,36,2985.79,1841.85,1731.2,1
Tech,Apple,8.1,40,2189.88,1637.39,1493.75,1
Tech,Sony,6.5,27,1518.36,814.1,782.27,1
Tech,Apple,7.2,34,3796.14,2498.11,2320.2,1
Books,Oxford,8.6,4,111.38,22.36,22.7,1
Books,Pearson,3.6,41,124.48,19.15,17.69,1
Books,Pearson,5.7,9,51.58,8.64,8.53,1
Books,Pearson,9.0,1,225.31,49.32,50.16,1
Fashion,Gucci,9.5,24,2265.85,1336.78,1269.7,1
Tech,Dell,9.0,30,2215.3,1439.42,1349.99,1
Tech,Samsung,6.7,59,1288.18,816.99,713.67,1
Fashion,Adidas,7.3,7,278.86,94.39,96.13,1
Fashion,Chanel,6.6,25,2573.91,1320.61,1285.04,1
Fashion,Chanel,5.4,24,9635.57,4232.6,4102.29,1
Fashion,Chanel,7.6,55,12280.49,8071.54,7231.74,1
Tech,Dell,8.7,22,2814.2,1668.78,1624.97,1
Books,Penguin,9.4,1,40.61,6.9,7.02,1
Tech,Samsung,9.6,28,3851.11,2616.98,2498.4,1
Books,Penguin,6.5,29,31.16,4.49,4.28,1
Fashion,Chanel,6.1,54,3472.03,1927.84,1729.92,1
Fashion,Gucci,6.8,17,2653.45,1249.03,1220.83,1
Tech,Apple,4.6,31,3182.25,1518.61,1415.2,1
Tech,Asus,7.1,28,2188.0,1257.06,1176.48,1
Fashion,Nike,8.3,38,393.29,187.41,173.17,1
Tech,Samsung,7.9,40,1827.47,1215.62,1117.33,1
Books,Pearson,4.8,39,249.48,46.89,43.15,1
Fashion,Gucci,7.5,64,3214.39,1965.76,1656.74,1
Tech,Samsung,7.5,63,3180.04,2223.59,1896.68,1
Fashion,Chanel,9.1,20,6672.33,4151.69,4018.99,1
Fashion,Chanel,8.1,39,4590.11,2918.76,2660.11,1
Books,Oxford,8.6,18,42.49,9.37,9.02,1
Books,Pearson,8.0,29,59.79,13.83,13.03,1
Fashion,Nike,7.9,60,231.11,118.16,103.25,1
Books,Penguin,6.0,36,62.84,9.0,8.27,1
Tech,Sony,9.3,40,954.05,728.94,663.4,1
Tech,Samsung,4.1,32,4950.8,1971.87,1836.07,1
Books,Penguin,9.0,44,25.37,5.02,4.54,1
Books,Pearson,7.7,41,191.3,47.54,43.64,1
Books,Oxford,6.3,23,167.55,29.83,29.06,1
Books,Pearson,8.9,21,154.73,38.87,38.14,1
Tech,Asus,8.0,44,4746.34,3074.25,2753.05,1
Fashion,Gucci,6.5,1,2665.7,1098.26,1100.81,1
Books,Pearson,5.7,50,172.59,37.98,33.27,1
Fashion,Gucci,7.1,47,6554.32,3784.22,3441.68,1
Fashion,Nike,6.2,36,615.6,240.96,219.38,1
Tech,Dell,6.3,34,1785.8,887.44,820.85,1
Fashion,Nike,8.9,9,182.3,76.71,75.6,1
Tech,Apple,5.5,47,5366.9,3161.87,2872.14,1
Fashion,Nike,6.3,43,330.6,128.38,116.88,1
Tech,Samsung,4.3,52,2812.31,1349.23,1206.55,1
Books,Pearson,6.7,45,172.84,38.56,34.61,1
Fashion,Adidas,7.3,42,638.99,280.02,254.25,1
Tech,Sony,8.1,13,483.11,293.42,291.09,1
Fashion,Chanel,6.2,47,7862.29,4066.5,3587.07,1
Fashion,Adidas,7.8,18,170.29,64.12,61.32,1
Fashion,Chanel,5.8,66,14503.31,7917.39,6786.45,1
Tech,Sony,3.9,43,1898.17,858.14,783.72,1
Fashion,Gucci,9.2,36,3849.7,2446.76,2312.74,1
Fashion,Gucci,7.9,50,6972.01,4397.91,3895.64,1
Fashion,Gucci,9.3,19,3749.11,2258.3,2178.56,1
Books,Oxford,6.4,35,178.72,33.05,31.32,1
Tech,Dell,9.3,10,2899.36,1715.27,1722.34,1
Tech,Sony,4.8,13,897.45,394.5,392.97,1
Books,Oxford,7.4,29,153.72,32.3,30.54,1
Tech,Apple,6.2,3,2111.75,1096.78,1098.27,1
Tech,Samsung,8.4,32,3984.15,2583.42,2418.69,1
Fashion,Gucci,7.9,9,9951.31,4884.29,4884.9,1
Books,Oxford,7.1,45,42.26,9.01,8.02,1
Books,Pearson,6.2,33,109.86,23.07,21.54,1
Books,Penguin,8.6,53,68.47,14.61,12.98,1
Tech,Samsung,6.3,13,3525.91,1664.42,1625.38,1
Books,Oxford,5.8,19,155.95,24.99,24.44,1
Tech,Dell,4.4,4,2852.4,950.8,968.68,1
Books,Penguin,7.7,39,49.3,8.49,7.95,1
Tech,Asus,7.6,19,2679.04,1429.88,1398.05,1
Tech,Samsung,8.8,63,3648.32,2855.31,2469.28,1
Tech,Apple,7.9,23,2320.96,1582.88,1532.42,1
Books,Oxford,6.4,55,59.82,12.39,10.92,1
Books,Oxford,9.0,45,172.02,44.26,39.6,1
Books,Penguin,7.8,5,74.58,11.07,11.24,1
Fashion,Adidas,8.3,31,782.77,347.05,325.5,1
Tech,Sony,8.4,55,417.79,331.27,294.65,1
Tech,Samsung,6.3,53,1509.22,912.1,799.4,1
Tech,Asus,6.7,6,4897.4,2229.8,2201.99,1
Books,Oxford,8.7,32,72.39,17.33,16.3,1
Books,Oxford,7.7,40,45.51,10.35,9.59,1
Tech,Sony,6.2,37,2313.03,1283.1,1177.68,1
Books,Pearson,6.1,23,180.23,33.19,31.33,1
Books,Pearson,6.9,13,189.24,36.09,35.43,1
Books,Pearson,5.0,47,240.73,47.52,42.69,1
Books,Oxford,9.4,52,66.37,18.41,16.05,1
Tech,Asus,5.4,3,1445.33,580.55,581.13,1
Fashion,Chanel,7.6,5,13616.13,6824.37,6718.57,1
Fashion,Adidas,6.7,45,543.2,225.15,199.85,1
Fashion,Adidas,6.7,4,199.13,66.94,65.93,1
Tech,Sony,8.9,40,1519.5,1128.57,1023.77,1
Tech,Samsung,7.9,32,1833.81,1114.76,1024.79,1
Books,Penguin,7.6,34,35.41,6.27,5.92,1
Books,Penguin,4.6,58,51.76,7.31,6.41,1
Tech,Apple,3.5,32,2246.44,916.91,871.36,1
Fashion,Nike,8.6,1,793.49,309.28,310.22,1
Books,Penguin,8.4,24,46.5,8.02,7.61,1
Books,Oxford,8.6,25,149.43,33.42,31.3,1
Books,Penguin,7.4,18,20.81,3.23,3.09,1
Tech,Apple,7.2,62,5541.07,4179.07,3634.81,1
Fashion,Chanel,8.1,1,2767.89,1363.99,1374.64,1
Books,Pearson,7.0,29,204.09,44.16,42.2,1
Fashion,Nike,8.3,29,501.87,226.67,214.13,1
Books,Pearson,6.2,38,98.67,20.76,19.02,1
Fashion,Nike,8.2,49,736.72,374.38,336.88,1
Fashion,Nike,8.1,54,668.37,339.4,295.81,1
Books,Penguin,7.9,38,30.46,5.49,5.15,1
Fashion,Adidas,5.8,6,637.8,190.65,192.09,1
Fashion,Adidas,8.4,31,307.01,136.67,130.62,1
Fashion,Nike,7.1,9,763.74,265.73,260.84,1
Books,Penguin,6.0,37,79.31,11.45,10.42,1
Tech,Samsung,6.9,44,3907.74,2409.54,2209.59,1
Fashion,Gucci,8.0,27,4360.35,2385.09,2264.29,1
Tech,Samsung,5.5,55,2857.93,1630.59,1443.92,1
Fashion,Adidas,7.4,1,719.64,244.94,248.39,1
Tech,Dell,6.6,21,3159.52,1521.75,1477.36,1
Tech,Dell,4.8,16,2624.75,1024.03,982.6,1
Tech,Samsung,7.1,35,4665.38,2616.02,2448.72,1
Tech,Dell,7.3,35,1750.47,981.76,911.46,1
Books,Penguin,6.3,22,69.91,10.08,9.86,1
Tech,Samsung,8.2,3,4666.03,2500.3,2474.54,1
Tech,Apple,7.4,60,2339.76,1810.61,1544.21,1
Fashion,Chanel,8.5,23,3735.8,2161.73,2042.23,1
Fashion,Gucci,5.1,55,9223.91,4390.82,3856.25,1
Fashion,Chanel,8.4,53,8807.02,5977.41,5189.04,1
Fashion,Adidas,8.6,52,754.96,391.29,345.33,1
Tech,Dell,9.1,42,1961.92,1294.66,1186.9,1
Fashion,Nike,6.4,57,475.52,209.88,185.81,1
Books,Penguin,9.1,15,33.1,5.56,5.48,1
Books,Oxford,5.1,37,108.31,18.56,17.07,1
Tech,Apple,3.3,50,3108.61,1416.64,1259.55,1
Tech,Sony,6.3,36,2324.48,1359.43,1253.3,1
Tech,Sony,7.2,28,883.3,540.56,509.84,1
Books,Pearson,6.1,24,133.48,25.43,24.83,1
Books,Oxford,5.0,33,99.79,16.16,15.0,1
Books,Pearson,4.3,35,184.49,29.79,27.54,1
Books,Pearson,7.7,62,202.54,55.87,47.42,1
Fashion,Gucci,6.2,15,2364.81,1031.4,1004.65,1
Books,Oxford,4.4,1,159.04,20.56,20.21,1
Fashion,Nike,8.3,59,426.55,216.59,192.07,1
Fashion,Nike,9.5,44,278.67,156.19,140.66,1
Fashion,Chanel,9.7,42,5432.29,3873.14,3483.28,1
Books,Oxford,7.8,4,62.52,11.2,11.21,1
Fashion,Gucci,7.5,32,2556.3,1367.71,1272.22,1
Tech,Apple,6.4,51,3376.02,2344.95,2078.94,1
Tech,Sony,6.4,58,1700.81,1134.95,993.72,1
Books,Pearson,6.4,55,207.56,49.42,43.02,1
Tech,Apple,6.5,34,5342.46,3168.11,2921.14,1
Fashion,Nike,5.1,13,669.68,205.42,204.76,1
Fashion,Nike,8.4,21,614.77,265.68,255.42,1
Fashion,Adidas,6.7,13,203.98,71.32,71.05,1
Books,Oxford,5.8,39,43.82,8.04,7.37,1
Fashion,Chanel,5.3,20,6500.26,2765.28,2635.75,1
Tech,Sony,7.9,56,813.08,622.58,536.58,1
Tech,Samsung,7.1,53,3074.18,2008.91,1811.8,1
Tech,Dell,6.3,65,2851.14,1667.59,1423.67,1
Books,Penguin,7.5,15,48.85,7.06,6.91,1
Books,Penguin,8.1,36,20.42,3.85,3.58,1
Books,Oxford,4.6,48,104.63,16.99,15.13,1
Tech,Asus,6.3,16,2835.66,1291.35,1272.4,1
Fashion,Adidas,5.7,32,652.13,222.71,205.36,1
Fashion,Chanel,6.4,17,1897.02,913.18,896.57,1
Books,Penguin,3.7,33,21.48,2.38,2.25,1
Fashion,Nike,8.7,40,529.27,265.36,246.2,1
Tech,Samsung,8.4,46,1777.71,1278.75,1145.1,1
Fashion,Nike,7.6,63,728.26,359.46,310.94,1
Fashion,Nike,6.6,26,276.57,107.21,100.47,1
Fashion,Adidas,7.8,42,210.89,97.68,88.65,1
Tech,Dell,5.8,33,4232.79,1988.24,1837.39,1
Books,Penguin,8.6,57,56.21,11.7,10.38,1
Fashion,Chanel,9.6,52,10793.41,8244.99,7459.54,1
Books,Pearson,8.5,56,112.91,31.59,27.97,1
Books,Pearson,9.3,10,169.16,40.45,39.48,1
Books,Oxford,6.1,58,117.63,24.35,21.17,1
Fashion,Gucci,9.4,51,5322.27,3608.23,3178.48,1
Tech,Samsung,6.8,13,4130.94,2070.38,2078.39,1
Tech,Apple,6.5,52,3834.19,2519.6,2257.63,1
Books,Penguin,5.1,35,63.44,8.83,8.17,1
Fashion,Chanel,8.3,7,5204.72,2769.28,2752.61,1
Tech,Dell,6.5,60,2131.69,1231.99,1049.71,1
Fashion,Chanel,6.8,31,2439.53,1234.23,1166.86,1
Books,Penguin,4.5,46,78.73,10.14,9.21,1
Tech,Asus,9.4,33,3441.23,2276.73,2165.02,1
Books,Penguin,7.1,23,23.81,3.73,3.59,1
Fashion,Nike,6.4,38,669.66,261.29,238.39,1
Fashion,Chanel,6.1,1,2384.85,984.16,988.95,1
Books,Penguin,8.1,33,76.15,13.89,12.83,1
Tech,Dell,7.9,52,1329.41,876.63,791.56,1
Fashion,Nike,7.2,45,535.63,247.75,226.54,1
Books,Pearson,6.6,1,169.76,30.49,30.33,1
Books,Penguin,7.4,11,51.66,7.66,7.6,1
Tech,Asus,9.2,53,4008.14,2946.16,2582.15,1
Fashion,Adidas,6.3,22,551.85,195.14,185.44,1
Books,Oxford,5.4,16,44.78,6.74,6.56,1
Tech,Samsung,8.5,15,3126.06,1934.71,1861.3,1
Books,Pearson,4.9,35,59.91,10.42,9.87,1
Books,Oxford,5.7,54,90.94,17.39,15.18,1
Tech,Sony,7.4,22,1969.07,1182.26,1139.44,1
Books,Penguin,3.9,16,26.16,2.76,2.69,1
Fashion,Chanel,3.8,9,13607.83,4207.53,4263.66,1
Books,Pearson,7.3,11,246.81,46.33,46.28,1
Books,Pearson,3.6,9,66.1,8.54,8.67,1
Books,Pearson,6.8,19,171.2,34.67,32.96,1
Books,Penguin,4.9,33,56.7,7.11,6.54,1
Books,Penguin,8.1,43,66.06,12.59,11.28,1
Fashion,Gucci,8.0,26,3858.26,2030.23,1913.67,1
Tech,Samsung,6.7,26,1199.98,612.3,584.11,1
Books,Penguin,7.3,15,29.34,4.26,4.18,1
Books,Oxford,4.7,17,88.46,13.05,12.95,1
Books,Penguin,7.7,47,32.2,6.11,5.5,1
Tech,Asus,7.3,4,2336.93,1160.79,1155.22,1
Tech,Asus,4.5,26,1524.06,595.25,576.27,1
Books,Oxford,8.5,16,171.99,34.94,34.64,1
Tech,Apple,5.0,41,3717.23,2070.34,1886.8,1
Fashion,Chanel,8.0,43,14075.64,8701.67,7831.61,1
Tech,Sony,8.9,34,1629.49,1207.1,1147.13,1
Tech,Asus,8.2,45,1704.09,1093.47,974.61,1
Tech,Dell,5.9,38,4099.45,2113.14,1987.65,1
Books,Penguin,8.1,2,53.72,8.18,8.16,1
Books,Oxford,8.9,44,106.95,26.55,24.17,1
Tech,Samsung,8.4,6,4504.15,2459.11,2424.81,1
Fashion,Chanel,7.9,39,3615.35,2215.55,2033.13,1
Tech,Samsung,9.1,3,4344.75,2515.73,2523.81,1
Fashion,Chanel,7.4,31,8436.11,4820.52,4473.52,1
Fashion,Nike,9.4,28,443.61,225.99,213.84,1
Fashion,Adidas,7.6,17,713.32,261.55,254.77,1
Tech,Asus,8.9,29,1354.74,887.95,831.43,1
Books,Pearson,6.5,8,178.4,31.01,31.47,1
Books,Pearson,8.6,19,215.19,51.12,50.48,1
Tech,Samsung,5.2,16,1392.32,578.33,559.02,1
Books,Oxford,9.2,17,133.69,28.94,28.1,1
Fashion,Gucci,5.1,38,7685.38,3275.12,3030.17,1
Books,Penguin,9.4,44,37.52,7.96,7.16,1
Fashion,Chanel,8.1,22,13628.75,7899.86,7698.8,1
Books,Oxford,4.4,34,199.74,29.23,27.38,1
Books,Penguin,9.1,63,54.48,12.22,10.48,1
Books,Penguin,8.2,18,44.31,7.65,7.29,1
Books,Pearson,7.3,9,234.94,46.36,46.73,1
Tech,Sony,4.1,2,968.87,366.5,373.71,1
Tech,Asus,8.4,15,4668.1,2555.24,2520.59,1
Tech,Dell,5.0,58,4419.9,2233.83,1945.03,1
Books,Penguin,9.4,50,22.03,4.81,4.25,1
Books,Oxford,9.2,37,186.53,48.6,45.72,1
Fashion,Chanel,4.8,1,11154.99,3874.92,3873.74,1
Fashion,Gucci,8.4,34,7689.61,4566.54,4258.84,1
Books,Oxford,8.1,30,165.12,35.71,33.97,1
Books,Pearson,6.3,23,226.83,46.28,44.23,1
Books,Penguin,7.9,62,28.65,5.85,5.02,1
Books,Oxford,7.1,3,79.7,13.88,13.74,1
Tech,Dell,4.1,52,2386.84,1049.31,917.64,1
Books,Oxford,5.7,54,105.02,21.3,18.91,1
Books,Oxford,8.3,65,139.4,36.74,31.08,1
Fashion,Chanel,4.5,27,7354.37,2799.49,2641.28,1
Fashion,Adidas,4.8,17,740.76,200.1,195.45,1
Fashion,Chanel,8.0,42,1534.89,985.0,903.4,1
Tech,Samsung,5.0,64,1141.44,615.05,525.14,1
Books,Oxford,7.0,46,120.65,25.7,23.38,1
Tech,Asus,6.2,1,3459.38,1487.37,1465.73,1
Tech,Dell,4.8,8,1350.9,504.39,494.61,1
Books,Pearson,7.9,18,87.38,18.31,17.62,1
Fashion,Chanel,5.5,24,13488.52,5919.28,5758.6,1
Books,Penguin,5.1,40,56.61,8.09,7.39,1
Tech,Samsung,4.2,17,2890.45,1104.98,1088.31,1
Books,Penguin,8.5,34,57.85,10.98,10.37,1
Books,Penguin,8.2,24,48.92,8.73,8.42,1
Books,Penguin,8.1,10,22.8,3.58,3.55,1
Tech,Dell,8.8,20,2374.1,1331.54,1309.94,1
Fashion,Chanel,8.4,4,8312.49,4372.39,4384.47,1
Books,Oxford,7.5,16,155.57,31.18,29.92,1
Books,Oxford,8.4,26,165.28,37.72,35.75,1
Books,Penguin,8.0,32,63.07,11.33,10.66,1
Tech,Sony,6.4,16,1126.95,602.81,597.27,1
Tech,Apple,8.8,34,3346.31,2451.53,2251.96,1
Tech,Dell,3.6,65,3346.34,1402.97,1190.41,1
Tech,Asus,6.4,39,2303.03,1261.55,1141.19,1
Books,Penguin,8.0,36,28.63,5.15,4.83,1
Tech,Samsung,9.7,7,3030.39,1806.89,1801.9,1
Books,Pearson,8.7,55,62.5,18.15,15.81,1
Books,Penguin,8.0,11,46.83,7.56,7.46,1
Books,Penguin,7.7,23,29.83,4.93,4.81,1
Books,Penguin,6.1,53,28.79,4.67,4.1,1
Fashion,Nike,6.5,57,799.03,356.14,308.89,1
Books,Pearson,4.1,21,243.89,35.0,34.11,1
Fashion,Chanel,8.2,58,14118.33,9793.85,8507.59,1
Tech,Apple,8.3,52,3698.1,2992.96,2669.13,1
Fashion,Gucci,4.6,17,7429.18,2544.91,2488.3,1
Books,Penguin,7.6,29,56.69,9.63,9.11,1
Fashion,Chanel,8.4,36,9956.33,6310.43,5836.87,1
Books,Penguin,7.9,10,78.85,11.84,11.58,1
Tech,Samsung,9.6,28,3017.26,2092.88,1991.27,1
Books,Pearson,8.5,36,53.84,13.74,12.71,1
Fashion,Gucci,7.0,42,6041.65,3181.39,2887.8,1
Books,Pearson,6.9,44,85.08,20.33,18.18,1
Books,Oxford,8.4,38,176.58,42.52,38.83,1
Fashion,Adidas,4.8,45,151.19,50.23,45.51,1
Tech,Dell,9.2,34,4244.85,2753.64,2549.78,1
Fashion,Chanel,6.9,26,13002.59,6324.54,5993.18,1
Books,Oxford,4.4,48,93.47,15.41,13.76,1
Tech,Asus,9.6,22,3996.57,2622.05,2541.23,1
Books,Oxford,7.4,23,172.19,33.63,32.6,1
Fashion,Gucci,6.2,1,5030.04,2013.68,2003.69,1
Fashion,Adidas,6.2,3,268.98,83.05,82.33,1
Fashion,Gucci,6.7,54,7444.25,4178.16,3757.18,1
Books,Pearson,8.9,38,95.03,25.1,22.8,1
Books,Penguin,4.0,55,61.85,8.12,7.01,1
Tech,Apple,5.6,67,3504.14,2250.17,1924.48,1
Tech,Sony,8.1,24,1055.38,683.48,662.49,1
Books,Pearson,7.0,66,106.27,27.34,23.61,1
Books,Penguin,6.9,41,54.2,9.09,8.21,1
Tech,Sony,5.1,45,672.99,354.57,316.29,1
Tech,Asus,8.1,48,1290.28,867.16,791.98,1
Tech,Sony,8.2,11,760.74,467.04,462.98,1
Books,Oxford,7.6,62,117.66,28.17,24.26,1
Tech,Sony,6.5,50,1550.8,965.04,870.47,1
Books,Oxford,7.8,23,132.35,25.92,24.89,1
Fashion,Gucci,8.1,39,4736.35,2901.84,2616.47,1
Books,Penguin,7.1,44,71.29,11.93,11.03,1
Fashion,Adidas,8.5,6,676.9,270.98,269.15,1
Tech,Samsung,8.3,26,4559.28,2815.73,2693.06,1
Fashion,Nike,5.6,10,598.89,182.97,181.25,1
Fashion,Adidas,5.9,34,565.41,194.2,183.38,1
Tech,Dell,6.5,1,1542.25,649.54,648.85,1
Tech,Dell,4.9,55,1914.29,922.61,822.22,1
Fashion,Gucci,8.3,43,7145.1,4282.22,3877.59,1
Fashion,Nike,8.3,49,349.95,175.04,157.06,1
Tech,Samsung,5.4,23,2120.99,1000.38,943.0,1
Fashion,Adidas,6.7,63,369.16,161.16,136.12,1
Books,Pearson,7.7,67,112.01,30.8,25.84,1
Tech,Asus,3.4,54,1588.69,648.35,561.44,1
Tech,Apple,7.2,31,4196.68,2666.12,2459.64,1
Fashion,Adidas,6.4,31,295.4,111.81,104.22,1
Books,Pearson,7.8,48,210.61,53.82,48.43,1
Books,Oxford,6.2,41,181.88,36.81,33.63,1
Fashion,Nike,5.5,6,398.0,114.47,114.72,1
Books,Pearson,5.6,41,219.15,44.91,40.84,1
Books,Penguin,9.2,10,33.75,5.59,5.55,1
Tech,Sony,6.7,26,2253.32,1291.43,1230.36,1
Books,Pearson,4.8,40,179.95,32.15,29.1,1
Fashion,Chanel,7.5,15,8404.11,4174.46,4113.97,1
Tech,Samsung,4.6,20,3015.02,1204.13,1141.9,1
Tech,Samsung,9.2,50,4382.73,3422.92,3070.73,1
Books,Penguin,6.6,24,26.14,3.68,3.56,1
Tech,Samsung,8.8,65,4333.79,3398.28,2947.26,1
Books,Oxford,3.9,62,163.23,26.58,23.07,1
Tech,Sony,5.1,23,1403.45,642.37,605.68,1
Books,Pearson,9.0,35,92.13,23.77,22.25,1
Books,Oxford,6.9,26,124.08,22.7,21.92,1
Tech,Apple,6.4,59,2077.18,1455.27,1280.76,1
Books,Pearson,8.4,55,175.7,49.45,43.76,1
Books,Pearson,9.0,55,72.97,21.36,18.83,1
Fashion,Adidas,7.4,56,283.33,130.96,115.83,1
Books,Pearson,8.1,22,164.18,39.54,38.8,1
Books,Pearson,8.0,34,137.68,32.78,31.11,1
Tech,Samsung,7.8,14,990.6,533.33,530.61,1
Fashion,Chanel,7.8,56,4243.16,2664.44,2321.29,1
Books,Pearson,7.9,38,155.76,38.56,36.19,1
Fashion,Nike,5.6,28,741.62,258.44,244.38,1
Tech,Asus,7.8,1,1321.99,686.37,699.07,1
Books,Penguin,7.5,55,73.87,14.4,12.85,1
Tech,Dell,7.3,53,3517.34,2208.46,1922.66,1
Books,Pearson,6.6,14,118.48,21.85,21.78,1
Books,Oxford,7.3,57,147.22,35.46,31.29,1
Tech,Samsung,8.6,33,3685.71,2478.81,2351.72,1
Books,Penguin,4.9,61,57.64,8.28,7.08,1
Tech,Sony,6.0,43,889.99,521.33,470.68,1
Books,Pearson,6.5,3,121.75,22.12,21.87,1
Tech,Apple,6.1,66,1602.17,1080.73,939.56,1
Books,Penguin,7.3,34,67.44,11.77,10.84,1
Books,Oxford,7.9,13,87.5,16.1,15.6,1
Tech,Samsung,6.0,59,3962.35,2352.95,2033.31,1
Fashion,Nike,7.9,62,234.18,119.61,101.91,1
Fashion,Adidas,9.5,62,447.57,253.63,219.71,1
Fashion,Nike,6.8,16,312.23,115.66,111.21,1
Tech,Asus,7.8,8,3909.73,2021.27,2013.36,1
Tech,Asus,5.0,60,3703.91,1868.78,1597.63,1
Fashion,Gucci,6.6,12,9847.51,4157.17,4129.7,1
Books,Oxford,4.3,43,90.56,13.67,12.4,1
Fashion,Gucci,4.7,39,9156.38,3836.52,3555.9,1
Fashion,Adidas,6.7,63,732.3,327.38,283.59,1
Fashion,Nike,7.9,34,609.84,282.97,262.83,1
Fashion,Nike,7.6,37,670.93,287.8,270.82,1
Tech,Samsung,7.7,12,3426.6,1787.21,1781.47,1
Fashion,Chanel,8.6,16,10332.31,5849.46,5614.25,1
Fashion,Chanel,6.0,1,14850.96,6072.93,5965.57,1
Books,Penguin,8.2,42,78.03,14.6,13.5,1
Fashion,Chanel,9.8,56,8245.53,6335.54,5553.75,1
Fashion,Nike,4.6,54,353.38,126.82,113.73,1
Fashion,Gucci,7.2,1,3893.46,1719.7,1743.98,1
Books,Pearson,5.1,29,161.08,27.64,25.82,1
Books,Pearson,9.0,45,86.29,25.34,22.76,1
Tech,Samsung,8.0,16,4229.16,2300.61,2260.72,1
Fashion,Chanel,3.9,1,10536.83,3293.16,3339.26,1
Books,Penguin,3.4,29,39.43,4.04,3.84,1
Fashion,Nike,4.9,48,284.69,97.21,88.62,1
Books,Oxford,5.8,2,113.95,17.06,17.06,1
Tech,Apple,4.9,28,5401.68,2732.06,2560.19,1
Fashion,Gucci,7.8,33,2348.92,1294.15,1212.34,1
Tech,Asus,8.0,18,4577.79,2591.81,2514.81,1
Books,Pearson,6.2,34,74.73,15.58,14.49,1
Books,Pearson,7.7,47,158.92,40.95,36.98,1
Tech,Asus,4.2,44,4232.62,1907.87,1701.88,1
Tech,Samsung,4.5,20,2635.12,1028.52,982.37,1
Fashion,Nike,6.2,8,357.18,112.21,112.36,1
Fashion,Gucci,8.5,22,4003.02,2173.12,2130.61,1
Tech,Sony,6.0,45,2109.75,1282.49,1173.97,1
Fashion,Chanel,6.2,1,4472.73,1854.18,1873.91,1
Books,Penguin,7.0,23,59.66,9.29,8.79,1
Tech,Apple,8.0,26,4672.48,3229.06,3079.17,1
Fashion,Gucci,6.9,13,8979.17,4130.87,4123.1,1
Books,Oxford,4.4,31,152.94,23.66,22.63,1
Books,Oxford,7.1,32,157.38,31.95,30.24,1
Fashion,Gucci,7.7,64,4607.25,2940.68,2518.62,1
Tech,Dell,8.2,27,4401.53,2443.94,2305.1,1
Fashion,Chanel,6.9,14,8155.53,3959.32,3948.74,1
Tech,Samsung,6.3,56,4199.08,2550.98,2249.58,1
Books,Penguin,5.9,6,36.09,4.48,4.57,1
Books,Oxford,6.6,17,122.85,21.94,21.54,1
Tech,Dell,8.1,38,4398.37,2762.26,2548.72,1
Fashion,Nike,8.3,61,381.3,201.08,177.16,1
Fashion,Nike,6.6,40,761.71,317.61,292.66,1
Books,Penguin,8.0,37,52.1,9.08,8.31,1
Books,Penguin,9.2,25,66.38,12.54,12.14,1
Fashion,Nike,8.9,26,602.13,268.26,254.06,1
Fashion,Chanel,8.6,30,4893.52,3081.47,2953.45,1
Tech,Dell,6.3,34,3952.7,1966.57,1840.2,1
Tech,Apple,7.7,15,1832.99,1102.92,1067.04,1
Books,Pearson,4.5,49,185.42,33.31,30.26,1
Tech,Asus,5.6,47,4378.96,2344.76,2119.98,1
Tech,Samsung,8.0,20,1727.19,1021.78,973.85,1
Books,Oxford,9.3,11,83.54,18.43,18.35,1
Fashion,Gucci,6.7,60,2351.04,1346.6,1178.81,1
Fashion,Gucci,8.1,10,2578.72,1287.17,1256.21,1
Books,Pearson,7.0,8,114.1,22.39,22.09,1
Books,Penguin,7.0,17,61.27,8.92,8.69,1
Books,Penguin,7.4,11,75.21,10.43,10.32,1
Tech,Apple,8.7,43,2342.61,1852.89,1702.48,1
Fashion,Nike,7.5,25,737.95,288.25,275.03,1
Fashion,Chanel,7.4,23,13096.7,6758.64,6543.77,1
Books,Oxford,6.9,25,105.61,19.22,18.62,1
Books,Oxford,7.9,38,46.04,10.06,9.4,1
Books,Penguin,4.9,29,51.35,6.72,6.39,1
Books,Oxford,9.1,29,61.8,15.22,14.12,1
Fashion,Chanel,8.9,3,10001.26,5345.65,5366.75,1
Tech,Dell,5.6,40,3298.6,1542.17,1417.2,1
Books,Oxford,7.1,49,110.27,24.55,21.8,1
Fashion,Nike,6.9,10,565.66,205.39,204.06,1
Books,Penguin,3.9,25,53.94,5.95,5.65,1
Fashion,Nike,7.2,63,225.86,107.02,92.07,1
Fashion,Chanel,7.9,53,2023.64,1288.92,1141.64,1
Fashion,Chanel,8.3,8,14061.37,7368.97,7412.25,1
Books,Pearson,6.4,33,166.7,34.27,31.89,1
Tech,Sony,7.8,35,1343.57,922.32,853.92,1
Tech,Samsung,6.0,55,4169.13,2407.89,2113.51,1
Books,Penguin,5.6,55,22.78,3.54,3.17,1
Books,Penguin,6.7,4,33.47,4.38,4.39,1
Tech,Asus,7.8,32,3626.9,2247.39,2074.82,1
Fashion,Gucci,4.9,54,4643.25,2143.27,1865.56,1
Fashion,Chanel,6.7,65,10948.54,6629.94,5701.79,1
Tech,Apple,4.0,11,2394.33,982.87,978.08,1
Tech,Apple,7.2,22,4547.61,2902.36,2752.71,1
Tech,Dell,8.3,25,2789.2,1624.43,1525.75,1
Books,Pearson,5.8,28,99.21,19.46,18.62,1
Tech,Apple,5.1,52,4318.77,2435.86,2155.88,1
Tech,Apple,6.8,68,3285.93,2413.59,2014.34,1
Tech,Apple,8.7,32,4379.05,3270.15,3013.57,1
Fashion,Nike,5.9,59,263.62,110.65,98.17,1
Fashion,Gucci,7.9,28,1636.71,845.42,805.22,1
Tech,Dell,7.3,55,3169.23,1905.46,1644.87,1
Fashion,Adidas,4.2,50,688.11,219.69,195.06,1
Fashion,Chanel,4.8,36,8080.54,3325.79,3024.18,1
Fashion,Nike,5.0,44,434.96,147.21,133.28,1
Tech,Apple,9.7,52,2617.56,2289.58,2031.61,1
Books,Oxford,4.3,8,109.65,13.42,13.44,1
Tech,Apple,8.1,17,2039.27,1293.72,1281.78,1
Books,Pearson,5.6,17,220.52,37.56,36.41,1
Books,Penguin,8.2,13,21.38,3.33,3.34,1
Fashion,Chanel,6.8,66,13174.28,7968.19,6767.84,1
Fashion,Adidas,7.0,10,334.03,113.69,113.12,1
Books,Penguin,7.6,13,78.23,11.27,11.19,1
Books,Pearson,9.0,30,113.45,28.61,26.67,1
Tech,Asus,5.7,12,4208.9,1742.29,1694.08,1
Books,Pearson,8.1,16,229.8,52.21,50.1,1
Tech,Asus,8.0,59,4562.7,3127.9,2673.9,1
Books,Pearson,7.6,40,95.01,23.39,21.66,1
Books,Pearson,7.9,54,133.07,37.26,32.58,1
Fashion,Adidas,6.2,38,543.17,197.13,182.84,1
Books,Oxford,6.4,11,199.55,32.27,31.42,1
Tech,Dell,4.1,5,2430.37,779.6,774.0,1
Tech,Sony,8.9,40,1773.22,1307.79,1211.88,1
Fashion,Nike,4.1,17,535.34,138.63,134.28,1
Fashion,Gucci,8.1,57,5856.15,3834.32,3403.03,1
Books,Penguin,6.7,45,29.88,5.19,4.67,1
Fashion,Nike,5.6,26,406.68,134.92,126.0,1
Books,Pearson,6.9,7,102.57,19.76,19.57,1
Tech,Asus,7.7,40,1450.45,928.8,860.03,1
Fashion,Adidas,4.8,19,159.96,45.21,44.3,1
Fashion,Adidas,6.8,42,463.74,196.71,180.47,1
Books,Penguin,6.1,60,65.24,10.75,9.34,1
Books,Pearson,6.4,3,247.13,43.55,44.35,1
Tech,Apple,6.8,13,3313.07,1822.53,1767.11,1
Tech,Sony,5.9,59,1295.67,779.33,668.36,1
Fashion,Chanel,8.9,36,9166.88,5678.4,5209.34,1
Tech,Samsung,6.7,39,1609.44,960.61,880.19,1
Tech,Dell,7.5,26,2030.04,1108.69,1075.54,1
Tech,Dell,6.8,35,1348.16,688.3,633.83,1
Fashion,Chanel,8.0,13,4597.52,2304.39,2272.82,1
Books,Pearson,7.3,25,152.25,33.0,31.17,1
Tech,Samsung,8.3,7,1229.29,710.2,704.23,1
Books,Oxford,6.8,58,111.89,24.86,21.46,1
Fashion,Nike,4.1,11,681.93,174.33,172.56,1
Fashion,Nike,7.4,43,648.42,300.74,269.61,1
Fashion,Nike,6.1,37,488.64,188.0,171.0,1
Fashion,Adidas,7.0,31,209.66,85.06,80.41,1
Fashion,Gucci,4.5,14,3416.85,1183.08,1140.33,1
Tech,Samsung,6.8,9,1796.24,913.5,922.06,1
Fashion,Gucci,4.3,1,5601.42,1813.36,1794.18,1
Books,Oxford,8.0,53,66.21,16.46,14.77,1
Tech,Samsung,6.1,13,3367.65,1594.79,1566.72,1
Fashion,Chanel,9.0,19,12267.9,7328.34,7073.2,1
Tech,Apple,7.9,1,3482.54,2074.08,2089.34,1
Books,Pearson,3.7,17,222.9,29.25,28.73,1
Books,Pearson,8.2,42,168.37,45.58,42.32,1
Fashion,Adidas,8.7,21,631.37,279.95,272.29,1
Tech,Samsung,3.8,40,1946.55,768.52,718.12,1
Books,Penguin,5.7,28,37.77,5.3,5.0,1
Fashion,Adidas,8.2,47,226.56,106.8,95.59,1
Tech,Asus,9.0,4,3026.63,1744.25,1728.78,1
Fashion,Gucci,7.6,33,2227.24,1175.07,1112.52,1
Tech,Asus,7.2,14,1821.86,956.41,930.4,1
Fashion,Nike,7.8,47,665.13,315.03,281.65,1
Books,Oxford,8.4,14,76.79,15.58,15.59,1
Tech,Asus,6.2,22,3861.32,1839.15,1771.17,1
Tech,Apple,5.6,59,5829.05,3647.49,3233.74,1
Fashion,Adidas,5.9,29,275.25,99.37,94.74,1
Tech,Asus,9.9,1,2365.31,1406.52,1424.57,1
Books,Oxford,9.7,14,114.36,25.03,24.88,1
Tech,Apple,6.7,56,3432.19,2463.95,2192.94,1
Fashion,Gucci,7.4,42,5051.78,2845.83,2576.11,1
Fashion,Adidas,7.2,60,702.81,319.75,278.45,1
Books,Pearson,5.1,61,191.71,39.19,34.42,1
Tech,Dell,7.3,20,1605.37,817.97,779.97,1
Fashion,Chanel,6.4,22,1527.3,753.05,736.79,1
Books,Pearson,8.1,49,96.07,26.15,23.24,1
Books,Oxford,7.5,68,124.72,30.5,25.46,1
Books,Oxford,7.1,32,174.51,35.15,32.78,1
Books,Pearson,8.4,41,76.38,20.81,19.31,1
Books,Oxford,5.4,37,120.45,20.39,19.22,1
Fashion,Adidas,4.8,36,178.29,58.07,52.83,1
Fashion,Adidas,4.1,2,709.5,172.46,175.48,1
Tech,Dell,6.6,14,3314.35,1591.62,1567.68,1
Fashion,Adidas,6.5,32,661.37,248.47,231.96,1
Books,Penguin,8.5,28,70.42,12.61,11.97,1
Books,Penguin,5.5,35,26.93,3.92,3.65,1
Books,Oxford,7.7,36,177.77,38.92,36.33,1
Fashion,Gucci,5.5,39,1027.85,458.86,430.5,1
Books,Penguin,8.4,54,54.04,11.03,9.83,1
Tech,Apple,7.2,9,1667.89,978.99,968.74,1
Books,Penguin,6.7,57,76.76,13.41,11.9,1
Fashion,Nike,4.0,55,255.56,82.45,73.71,1
Tech,Apple,7.6,37,5013.55,3376.53,3107.81,1
Fashion,Gucci,7.9,44,4309.34,2563.01,2318.51,1
Tech,Apple,5.1,5,3697.88,1625.43,1595.51,1
Fashion,Nike,6.7,7,457.07,151.09,150.15,1
Tech,Apple,5.2,60,2019.99,1248.53,1083.83,1
Books,Penguin,3.8,52,24.08,2.88,2.55,1
Fashion,Chanel,4.8,24,13962.71,5841.75,5589.39,1
Tech,Dell,7.9,29,2491.07,1404.97,1352.44,1
Tech,Sony,7.2,42,1699.73,1134.47,1029.26,1
Books,Penguin,9.0,35,26.13,5.11,4.67,1
Fashion,Nike,7.5,13,232.03,87.2,84.82,1
Fashion,Chanel,8.8,34,2222.23,1373.81,1305.72,1
Fashion,Adidas,8.4,26,290.87,129.61,124.59,1
Fashion,Gucci,7.8,1,3573.53,1641.28,1619.07,1
Books,Pearson,8.6,31,124.12,32.0,30.29,1
Books,Oxford,7.5,26,71.47,13.84,13.17,1
Tech,Dell,5.9,24,4056.46,1798.75,1697.45,1
Books,Oxford,7.3,11,84.46,14.47,14.1,1
Fashion,Chanel,6.2,18,12181.65,5611.25,5556.44,1
Tech,Samsung,8.3,28,2315.12,1398.7,1320.8,1
Tech,Asus,8.5,55,1131.05,828.98,724.2,1
Tech,Dell,7.3,23,2228.03,1108.48,1055.67,1
Fashion,Adidas,8.8,27,778.06,348.05,336.91,1
Tech,Samsung,7.2,63,2281.9,1510.01,1307.15,1
Books,Pearson,3.4,10,147.3,18.26,17.97,1
Books,Oxford,7.0,22,68.7,13.21,12.94,1
Books,Pearson,7.4,53,168.64,43.44,38.95,1
Tech,Apple,8.2,11,2465.24,1464.05,1461.95,1
Tech,Dell,8.3,56,3076.06,2145.94,1900.66,1
Books,Penguin,3.9,19,44.29,4.7,4.54,1
Fashion,Gucci,8.6,25,9649.91,5606.89,5449.62,1
Books,Oxford,6.5,23,183.29,32.52,31.69,1
Fashion,Adidas,7.7,19,391.77,157.46,152.07,1
Books,Pearson,7.3,43,86.03,20.61,18.7,1
Tech,Asus,6.6,31,3668.4,1939.04,1855.02,1
Books,Penguin,7.6,36,56.31,9.86,9.05,1
Tech,Samsung,7.5,42,945.97,600.13,545.5,1
Tech,Dell,7.1,7,3724.11,1783.88,1788.0,1
Books,Pearson,7.2,8,161.26,31.66,31.78,1
Tech,Dell,8.0,51,3701.25,2466.36,2160.51,1
Books,Pearson,8.2,16,161.27,35.34,33.86,1
Fashion,Chanel,7.5,20,14795.47,7539.3,7307.16,1
Books,Pearson,7.2,30,121.58,25.91,24.52,1
Books,Pearson,5.9,23,112.82,21.23,20.52,1
Fashion,Gucci,8.9,1,8442.39,4399.63,4462.01,1
Books,Penguin,6.1,46,27.37,4.22,3.79,1
Tech,Sony,8.1,3,987.41,580.89,575.08,1
Fashion,Adidas,8.4,6,628.27,249.09,249.29,1
Fashion,Nike,8.5,31,218.4,98.56,93.58,1
Fashion,Chanel,6.7,31,1983.99,1025.66,971.58,1
Fashion,Adidas,4.8,24,415.98,123.31,116.68,1
Books,Pearson,7.2,47,190.72,47.4,42.63,1
Books,Pearson,6.5,10,111.81,20.64,20.28,1
Tech,Asus,9.2,1,2338.07,1307.54,1315.36,1
Books,Pearson,8.8,43,94.46,26.65,23.92,1
Fashion,Nike,6.3,29,268.81,98.89,93.19,1
Books,Pearson,9.8,52,73.6,23.69,21.4,1
Books,Penguin,8.2,23,22.79,4.02,3.84,1
Books,Pearson,6.2,52,68.45,16.04,14.29,1
Tech,Samsung,6.0,1,2477.61,1078.24,1058.02,1
Tech,Samsung,8.0,24,4098.44,2417.84,2278.43,1
Fashion,Gucci,4.6,42,5497.28,2331.88,2127.5,1
Fashion,Nike,8.8,34,386.24,177.69,168.33,1
Fashion,Adidas,4.9,20,312.04,95.67,93.11,1
Books,Oxford,7.7,41,180.87,42.3,38.29,1
Fashion,Gucci,7.5,44,6973.11,4094.01,3648.97,1
Fashion,Gucci,5.3,4,4538.68,1662.02,1688.88,1
Books,Penguin,4.9,11,32.1,3.48,3.42,1
Fashion,Nike,8.8,4,525.51,207.99,210.65,1
Books,Penguin,6.8,52,24.43,4.23,3.7,1
Books,Oxford,6.0,20,116.16,20.04,19.74,1
Tech,Samsung,7.2,31,2218.44,1266.5,1179.4,1
Tech,Samsung,5.8,11,4735.91,2065.55,2077.84,1
Books,Pearson,9.4,41,169.85,48.96,44.02,1
Fashion,Nike,9.5,36,260.77,137.86,126.3,1
Fashion,Adidas,8.6,51,572.87,281.12,249.78,1
Tech,Sony,8.1,17,1172.42,754.02,732.72,1
Fashion,Gucci,4.5,59,9113.71,4099.76,3621.56,1
Books,Pearson,9.1,36,117.42,30.65,28.27,1
Books,Penguin,7.6,28,34.61,5.49,5.24,1
Books,Oxford,8.0,17,87.4,17.55,16.93,1
Tech,Apple,4.7,26,4317.6,2114.9,2039.29,1
Tech,Dell,5.1,43,3764.06,1770.76,1632.45,1
Books,Pearson,6.7,15,181.36,35.03,33.84,1
Fashion,Adidas,8.1,42,260.72,123.92,113.91,1
Fashion,Adidas,8.5,52,715.38,372.57,327.21,1
Fashion,Gucci,5.0,29,9330.86,3926.36,3674.53,1
Books,Penguin,4.4,6,26.77,2.82,2.79,1
